timestamp,pressure_bar,temperature_c,flow_rate_m3h,zone,operator_id
2026-06-05 17:40:00,4.000637523077417,66.6546937105432,288.5677083013374,Zone B,OP-03
2026-06-01 04:00:00,4.42569724257099,78.50495586452234,371.06149906407177,Zone A,OP-01
2026-06-06 22:20:00,4.105646128018374,78.21658776101509,301.8974901883643,Zone C,OP-02
2026-06-01 16:30:00,,64.49659433745613,277.1382797093781,Zone C,OP-01
2026-06-02 23:20:00,4.062710568458412,77.47175004010226,327.3727957083763,Zone C,OP-03
2026-06-05 22:10:00,4.121513203528586,75.55253705423907,317.5808186349282,ZONE A,OP-02
2026-06-07 07:10:00,4.38018841404937,70.13598411100953,338.82377374699405,Zone C,OP-03
2026-06-03 03:20:00,5.578978729669778,79.36231032942493,330.71835864800545,Zone B,OP-02
2026-06-06 08:20:00,4.578188493193955,70.06734696560778,336.6795416996067,Zone A,OP-02
2026-06-04 00:30:00,5.296356692467363,81.02773504471445,339.361485498336,Zone A,OP-03
2026-06-05 15:00:00,3.852582821883159,63.963018175657034,293.25667447463627,Zone C,OP-02
2026-06-02 03:10:00,5.456898201152792,77.43035910145913,354.4224387321925,Zone A,OP-02
2026-06-02 14:40:00,4.0301116914569945,65.60776007030651,281.94460827828215,Zone C,OP-02
2026-06-07 16:10:00,3.938843078921695,66.18493726329088,278.5755178037549,Zone A,OP-01
2026-06-07 09:20:00,4.358091817041275,70.35851600509753,305.10078767808807,Zone B,OP-03
2026-06-02 04:00:00,4.44836161013008,78.16794481296974,339.1086378270186,Zone C,OP-03
2026-06-05 21:30:00,3.94664944998434,74.80218628048878,330.5338073760192,Zone C,OP-03
2026-06-05 14:00:00,3.907275420935153,64.3397308116325,304.04879201696343,Zone C,OP-03
2026-06-03 12:50:00,4.248960713340673,62.52317753242111,302.6908345322832,Zone A,OP-01
2026-06-02 18:40:00,3.939934979662413,68.93478891758585,296.6143675076756,Zone C,OP-01
2026-06-02 01:30:00,5.377735312416705,79.44677030354542,343.92227335496653,Zone C,OP-02
2026-06-07 09:00:00,4.512602812802211,69.28710866936429,320.6637277486974,Zone C,OP-02
2026-06-05 18:20:00,3.9653148238470566,66.99401554138419,297.3995948686996,Zone A,OP-03
2026-06-06 23:30:00,4.056579253458599,78.5810333428061,329.3661499029379,Zone A,OP-02
2026-06-07 21:10:00,4.125346399602624,77.03012347741915,324.82322263186074,Zone C,OP-02
2026-06-03 01:30:00,5.388609076457042,76.91419648954226,352.1423088318445,Zone B,OP-01
2026-06-01 15:40:00,99.5,65.32853849893715,284.913334081718,Zone A,OP-01
2026-06-05 12:10:00,4.147255046148647,62.86388946947131,299.7812301982667,Zone B,OP-02
2026-06-01 10:00:00,4.2146944654765885,70.04700830969597,320.42619910143816,Zone A,OP-03
2026-06-01 01:30:00,5.34666959216679,79.54539196963732,333.4987446954611,Zone A,OP-01
2026-06-06 07:30:00,4.330517926217592,75.20285259487099,336.11350552259825,Zone B,OP-01
2026-06-06 11:00:00,4.271270532131735,64.19537013105958,319.7350568321218,Zone A,OP-01
2026-06-05 18:50:00,3.8751980219947537,72.31192558502538,288.56397301292617,Zone A,OP-03
2026-06-01 04:10:00,4.4380824662437295,79.52029951853072,367.9115310847109,Zone C,OP-03
2026-06-06 22:00:00,4.132379476306169,76.71530645341943,321.30779284692915,Zone B,OP-03
2026-06-03 11:30:00,4.256179882121104,66.26320115589695,324.10855572903574,Zone C,OP-03
2026-06-06 23:00:00,3.978221191091458,77.3490481059393,332.2801792595162,Zone C,OP-02
2026-06-02 14:00:00,3.9791811963605284,64.0374723938449,291.5441893737191,Zone A,OP-03
2026-06-04 11:20:00,4.354790960625464,68.4019409339329,306.5237021684848,Zone A,OP-02
2026-06-04 11:00:00,4.112110251552764,63.961279769931224,311.2102045880956,Zone C,OP-02
2026-06-05 00:10:00,5.420410215597252,77.06725676474906,350.0952495553309,Zone C,OP-01
2026-06-07 02:10:00,5.453008564952018,80.31534051196759,347.78465589955096,Zone C,OP-03
2026-06-01 23:00:00,4.283826870086492,77.98665595395913,332.3620024039618,Zone A,OP-03
2026-06-02 04:30:00,4.513692658348117,79.0364906493632,354.11601085499234,Zone B,OP-02
2026-06-06 12:20:00,4.020652264857144,64.42807221280461,289.0922733349433,Zone B,OP-03
2026-06-06 17:30:00,3.9036858713264504,67.55509546865014,296.3862716911609,Zone A,OP-01
2026-06-01 02:10:00,5.5515116754148135,80.37922142005402,349.30859696115994,Zone C,OP-01
2026-06-03 22:30:00,3.9718510614803963,75.57007410499438,323.45513646216585,Zone B,OP-02
2026-06-05 17:50:00,3.858323729608031,65.6964701241171,274.2871531264471,Zone A,OP-01
2026-06-02 12:00:00,4.240241497016063,64.14699650138806,285.0523928288307,Zone C,OP-03
2026-06-06 06:00:00,4.426171025273909,74.8373589255094,351.5244466959919,Zone C,OP-03
2026-06-01 18:00:00,3.967227935833327,69.06954753413028,284.65060953538915,Zone A,OP-03
2026-06-04 19:10:00,3.8354203420143334,69.3314195137725,313.1680233510464,Zone C,OP-03
2026-06-01 18:50:00,3.791748003792394,69.27758461122406,302.8302295097847,Zone A,OP-02
2026-06-06 22:50:00,4.154469804450678,77.53376984008003,306.444790603486,Zone B,OP-03
2026-06-04 00:50:00,,79.90675688313064,336.9547693882802,Zone A,OP-03
2026-06-03 06:20:00,4.372696048992392,76.11320675017411,328.3248172495664,Zone A,OP-03
2026-06-05 19:30:00,3.7462657068373724,70.22768526603014,294.4938109735628,Zone B,OP-01
2026-06-04 02:10:00,5.3478896269282705,79.52471888770134,339.64235632892706,Zone A,OP-01
2026-06-04 22:10:00,4.127183870286364,76.12850571635047,333.39603207213054,Zone C,OP-02
2026-06-07 13:50:00,3.8162284027259257,62.780482357787996,277.05950544372683,Zone C,OP-01
2026-06-07 02:00:00,5.458765567504948,77.590186791172,353.7964181980929,Zone A,OP-01
2026-06-04 02:30:00,5.460684645692879,79.82049152751256,342.62353434913393,Zone A,OP-03
2026-06-01 18:20:00,3.936023499141083,68.73698442062657,313.2859829647691,Zone A,OP-02
2026-06-01 20:50:00,4.008467470249826,75.06182242689238,303.29413243329475,Zone A,OP-03
2026-06-06 00:20:00,5.153022923646656,79.08669926628299,372.69312203364433,Zone A,OP-01
2026-06-01 05:40:00,4.548174958708646,77.72163225466714,365.81984196186966,Zone A,OP-03
2026-06-01 08:50:00,4.395143475893356,72.36566449255588,330.48604411022615,Zone B,OP-03
2026-06-06 08:30:00,4.5405108482411185,72.82009023466448,334.2668352270025,ZONE C,OP-01
2026-06-07 14:20:00,3.8800828836619883,63.68274089630632,300.37524479892136,Zone A,OP-02
2026-06-05 03:30:00,5.607658177154249,81.08439524589288,354.9628277239974,Zone C,OP-01
2026-06-02 15:30:00,3.9471178604333086,64.58255743266444,251.84011289999657,Zone C,OP-02
2026-06-03 06:00:00,4.645622129512731,77.27934134901125,372.58417365161847,Zone A,OP-01
2026-06-06 20:00:00,4.098227632049783,71.4521382130178,299.7127657942903,Zone C,OP-03
2026-06-03 16:00:00,3.8096304180753013,64.30174564344584,274.64813631041653,Zone A,OP-03
2026-06-03 05:00:00,4.569986794549387,78.19422549712974,352.83834131700354,Zone A,OP-01
2026-06-05 12:50:00,4.03850883105695,63.0969363423703,284.96928833245033,Zone B,OP-03
2026-06-06 13:00:00,4.1944499162397255,64.87178115483201,,Zone A,OP-02
2026-06-03 01:50:00,5.468200040469738,81.45523643083722,357.9010046883652,Zone B,OP-01
2026-06-06 03:20:00,5.6160169088221386,78.96798911046375,367.11481035150194,Zone B,OP-02
2026-06-03 23:50:00,4.230489133880078,79.9668122766028,332.7980490183699,Zone B,OP-02
2026-06-03 21:30:00,4.127916468618523,73.75117352303032,315.7893862089725,Zone A,OP-03
2026-06-05 12:20:00,4.313273578057918,65.71735270227036,292.1129956599541,Zone A,OP-01
2026-06-05 15:20:00,3.9228846820403662,65.62000875069832,262.74465273694256,Zone A,OP-01
2026-06-07 13:30:00,4.045489539429081,63.29036737624588,287.51903070592914,Zone A,OP-01
2026-06-06 00:50:00,5.490993509305827,77.86044320297634,355.0241551031321,Zone C,OP-01
2026-06-05 05:30:00,4.54140583941427,74.86871860513862,355.0507456273439,Zone C,OP-03
2026-06-07 23:00:00,4.101846817831521,76.11797508231476,335.66005186574654,Zone A,OP-02
2026-06-06 02:00:00,5.502062729205033,79.53268167426639,352.800938450404,Zone B,OP-02
2026-06-05 23:40:00,4.155085988600255,77.3499199076577,336.86891349394307,Zone A,OP-02
2026-06-02 10:00:00,4.183683883304619,68.04548290367765,321.70251077935717,Zone B,OP-03
2026-06-04 23:10:00,4.136895303346186,78.19024435227263,348.9937571150084,Zone C,OP-03
2026-06-07 10:20:00,4.302199505465062,65.83774173017251,316.149186879022,Zone B,OP-01
2026-06-02 16:20:00,3.7861749120967434,66.44354034226119,293.1249612276867,Zone C,OP-03
2026-06-07 15:50:00,3.973147810154704,64.77684028872191,283.8291714304512,Zone C,OP-02
2026-06-02 04:20:00,4.420435848558449,79.17019286109216,358.4374637975044,Zone C,OP-02
2026-06-05 00:20:00,5.313421171642609,76.36057983284923,323.69218082737564,Zone C,OP-02
2026-06-07 18:00:00,3.9181157944056886,68.16960059573339,288.39905343957093,Zone B,OP-01
2026-06-07 17:10:00,3.8452730402249826,67.48793668245892,285.18928167298,Zone C,OP-02
2026-06-07 15:00:00,3.9223146634477453,63.93551871561752,293.52206051935406,Zone A,OP-01
2026-06-02 10:10:00,4.332257980288135,67.10694560404622,309.62320969424303,Zone C,OP-03
2026-06-04 12:50:00,,66.0075840388295,301.2106636882152,Zone A,OP-01
2026-06-02 03:20:00,5.598256970607103,79.48091125765575,384.726121880312,Zone A,OP-03
2026-06-02 19:40:00,3.948138068886749,72.86195221995887,290.0989550052923,ZONE A,OP-02
2026-06-01 04:20:00,4.514619732111961,78.12408872591031,382.9134019574153,Zone A,OP-03
2026-06-01 09:30:00,4.50163534864433,69.19976633145353,322.9190055006589,Zone A,OP-01
2026-06-01 07:40:00,4.5413533926096346,71.40389107432922,346.9199287009939,Zone B,OP-02
2026-06-02 22:10:00,3.9756862737562346,76.35885311854524,316.1619947678976,Zone A,OP-02
2026-06-07 20:40:00,3.954440435529847,73.71920962279408,303.8594574915145,Zone A,OP-01
2026-06-06 04:20:00,,79.93976725988651,353.41361861105327,Zone C,OP-02
2026-06-01 16:20:00,3.959553681654663,63.628824797254914,285.964818097442,Zone A,OP-03
2026-06-05 11:10:00,4.270504350773532,67.73484466563386,313.20705813606577,Zone A,OP-02
2026-06-05 09:50:00,4.331270266223553,69.22446306763412,298.81450860459347,Zone A,OP-02
2026-06-05 12:30:00,4.138535076408441,64.82277533218145,292.2470213455316,Zone B,OP-02
2026-06-07 22:50:00,4.063935997901197,78.13293632474664,342.1143425269569,Zone C,OP-02
2026-06-02 00:20:00,5.279069071771865,79.94364203391017,357.9876077606066,Zone A,OP-03
2026-06-06 12:00:00,4.230604576348532,65.07624350843024,302.96985072943977,Zone B,OP-03
2026-06-01 07:10:00,4.504519413239613,73.83881240559332,334.5434380168451,Zone A,OP-02
2026-06-05 14:20:00,3.9487559061715736,63.91171614555679,262.3812119816586,Zone C,OP-01
2026-06-05 14:40:00,3.9941054395916584,64.25942723506066,297.13640205826084,Zone B,OP-03
2026-06-01 10:30:00,4.36094579164229,66.0793186379739,304.6261513424519,Zone C,OP-02
2026-06-05 16:10:00,3.8246245196492903,63.94594983383688,,Zone A,OP-02
2026-06-07 08:30:00,4.5231808390192425,72.37049758600637,345.1484401832007,Zone A,OP-02
2026-06-03 08:00:00,,71.0221867993172,339.86533958702483,Zone A,OP-01
2026-06-01 06:20:00,4.432856455529266,75.06239576563885,357.65921186732754,Zone A,OP-02
2026-06-04 05:50:00,4.654896375672641,76.2833730948464,355.1124629197568,Zone C,OP-01
2026-06-04 20:50:00,3.901191289050244,72.78916777573374,310.1871938513105,Zone B,OP-02
2026-06-03 12:00:00,4.183118755618006,66.69639136469594,306.3311010716454,Zone B,OP-02
2026-06-04 22:00:00,4.128408120770687,76.2511058225325,308.1402962219451,Zone A,OP-03
2026-06-02 13:00:00,4.133696347905378,63.69637519515929,281.2838024134334,Zone A,OP-03
2026-06-07 12:10:00,4.1677297224696765,62.76501092891508,267.7444548580397,Zone C,OP-01
2026-06-04 21:50:00,3.983786939120661,75.26730895577258,334.75514168170656,Zone B,OP-03
2026-06-07 01:00:00,5.410820866974638,81.41778158124484,354.8183705132799,Zone A,OP-02
2026-06-03 11:10:00,4.279049370488014,67.31109079639972,305.4243887749538,Zone C,OP-03
2026-06-06 11:30:00,,65.53938282176256,305.6066528025096,ZONE A,OP-01
2026-06-03 02:50:00,5.421350472042467,80.34943267565252,373.1150803722886,Zone B,OP-03
2026-06-01 23:20:00,4.182851457874874,79.13457455922057,337.010114935775,Zone A,OP-03
2026-06-04 04:10:00,4.401141051415106,78.91065076176105,366.9782945728356,Zone C,OP-02
2026-06-02 05:30:00,4.51052435425619,75.46543525426368,357.6359848620638,Zone A,OP-02
2026-06-04 20:10:00,4.113723035304378,,307.17525233117533,Zone A,OP-03
2026-06-06 02:50:00,5.574196487190985,78.90630385810073,359.61411379556733,Zone C,OP-01
2026-06-06 15:50:00,3.9663654837492035,65.63398738997812,291.78845313062317,Zone C,OP-01
2026-06-05 04:00:00,4.504851910847739,78.75021685043382,359.90907731942696,Zone C,OP-03
2026-06-01 10:10:00,4.311029954302365,67.91355650435878,,Zone A,OP-03
2026-06-06 15:00:00,3.964388226635778,64.82888412637337,303.3522908074773,Zone B,OP-01
2026-06-05 09:20:00,4.354049902012787,67.64797320316787,330.29121125523847,Zone B,OP-03
2026-06-04 13:10:00,4.079689978067733,61.91402689216812,286.09130340232247,Zone A,OP-03
2026-06-06 02:40:00,5.562287316708018,80.70427576425725,338.2709913514449,Zone A,OP-01
2026-06-05 02:30:00,5.508585628477964,78.67114023366805,354.6278812703097,Zone C,OP-01
2026-06-06 13:40:00,4.0914129399374835,61.69635948370067,296.01457007597224,ZONE A,OP-03
2026-06-05 04:30:00,4.4298615345557195,78.14517238331955,379.5329761696788,Zone C,OP-03
2026-06-06 15:40:00,3.898094089684714,66.17580422732141,269.13152804798403,Zone C,OP-02
2026-06-02 18:10:00,3.821498426274103,68.16826098176445,280.5296884867665,Zone C,OP-01
2026-06-03 07:00:00,4.609536190934664,77.57650218959041,346.42969386485174,Zone A,OP-03
2026-06-07 23:40:00,4.240507536574455,80.44488220809589,342.4491682801313,Zone C,OP-01
2026-06-01 18:10:00,3.7621650460101472,67.57450547746916,288.1828762814085,Zone B,OP-01
2026-06-06 11:40:00,4.156215428864155,64.83066731740004,323.42439110764116,Zone C,OP-03
2026-06-03 05:10:00,4.39949400971399,75.69185298381299,359.2803827813305,Zone A,OP-03
2026-06-06 06:20:00,4.54900873167933,74.02460144584029,347.42179650934224,Zone C,OP-02
2026-06-05 08:20:00,4.408057325339593,71.80253917529691,325.1440259449518,Zone C,OP-02
2026-06-02 00:40:00,5.439266408553162,79.40133469517669,352.4410459049637,Zone B,OP-03
2026-06-07 09:40:00,4.371658730212312,66.60869560992761,318.0191658171735,Zone B,OP-03
2026-06-05 05:40:00,4.416700388633953,77.11251342953376,,Zone B,OP-01
2026-06-02 19:10:00,3.8049236425345385,70.78318310106181,255.84812085831607,Zone C,OP-03
2026-06-04 17:00:00,3.7832426727434374,66.49304214670536,261.2088774610764,Zone A,OP-01
2026-06-06 02:10:00,5.4541296032713165,81.76969243532182,364.62718920730237,Zone A,OP-01
2026-06-04 11:10:00,4.138979600495618,66.19016564716955,301.0090291220636,Zone C,OP-02
2026-06-05 23:20:00,4.032016777999083,79.39721527080236,354.6885510125686,Zone B,OP-01
2026-06-01 21:20:00,3.957261151418948,74.49480867240145,303.7103332804101,Zone A,OP-01
2026-06-05 20:00:00,3.759204992323156,72.14787853224993,299.33040672484634,Zone A,OP-03
2026-06-05 01:40:00,5.339518399976904,80.40602495949537,351.75312773827153,Zone C,OP-03
2026-06-06 20:50:00,4.0156221121708695,74.45529553733157,316.0636979683867,Zone C,OP-03
2026-06-02 07:00:00,4.503801323486857,76.69187838101813,349.80995985453734,Zone A,OP-01
2026-06-04 09:10:00,4.432389059622233,68.46946837321403,334.56851522813474,Zone B,OP-03
2026-06-04 23:00:00,4.013684005512501,74.87113200767136,331.38784687475237,Zone B,OP-02
2026-06-04 05:40:00,4.475870073354964,76.53497916082628,358.91898090583425,Zone A,OP-01
2026-06-04 08:50:00,4.403242808278742,69.18750686512432,335.11372206734876,Zone B,OP-02
2026-06-05 03:10:00,5.492445869079788,77.97338556378043,368.955293803892,Zone C,OP-01
2026-06-06 05:00:00,4.493063692822693,76.5025360019963,336.68717464620687,Zone-C,OP-03
2026-06-05 01:30:00,5.581576670187691,79.0313593695661,368.71248338848244,Zone A,OP-02
2026-06-04 06:30:00,4.4640061672803,77.30536815280504,361.98716416814835,zone a,OP-03
2026-06-04 08:00:00,4.474478280376935,72.60521054720287,338.631923950298,Zone B,OP-03
2026-06-01 22:20:00,3.9571308100143687,73.91165748305808,322.01461681227505,Zone A,OP-03
2026-06-05 05:50:00,4.518777927124995,75.52505642928315,373.02160453037277,Zone B,OP-03
2026-06-07 23:20:00,4.1610429426554,78.8998733587679,319.72150793417904,Zone A,OP-02
2026-06-05 04:10:00,4.423416865505374,78.37599179864254,371.1220823286455,Zone A,OP-03
2026-06-02 02:30:00,5.389468312493539,82.12928542972331,357.31463904512714,Zone C,OP-03
2026-06-03 20:00:00,3.7834398004649996,74.43901108232517,301.00651256412584,Zone B,OP-01
2026-06-03 13:10:00,4.03947003112884,64.68507757042339,284.5135997347246,Zone B,OP-02
2026-06-03 20:10:00,3.8461609587793912,73.3078455010458,314.92733414762995,Zone A,OP-01
2026-06-01 08:00:00,,72.54063017284382,337.03248154472476,Zone C,OP-02
2026-06-01 12:20:00,4.184289208258904,65.42434923072074,300.0710919466568,Zone A,OP-01
2026-06-02 16:40:00,4.087362955816685,64.73116615383265,251.9930690550391,Zone A,OP-01
2026-06-07 19:10:00,3.953472952490832,69.3105280250418,284.3386614676253,Zone B,OP-01
2026-06-03 10:30:00,4.378303303273102,67.03063729626919,310.45840452498044,Zone B,OP-03
2026-06-04 13:30:00,4.072174919067924,60.7973727590203,281.79546830606245,Zone A,OP-02
2026-06-02 23:30:00,4.1267960641275945,75.61825464325572,324.21039198043684,Zone A,OP-02
2026-06-05 16:40:00,4.105816314485172,65.01314705527949,279.8880275016783,Zone A,OP-03
2026-06-05 20:40:00,4.065177650536481,74.4860172446699,307.95175612218,Zone C,OP-02
2026-06-05 07:30:00,4.476543354315605,74.49832430575461,341.6778746970548,Zone A,OP-02
2026-06-04 11:50:00,4.086350686967135,66.02197802291627,281.0564080571534,Zone C,OP-02
2026-06-04 18:20:00,3.921651269131463,66.5676223349781,304.45137803310934,Zone B,OP-01
2026-06-01 09:00:00,4.374005291900688,69.73028283900358,327.06590903715244,Zone A,OP-03
2026-06-03 17:50:00,3.9111647883335987,66.91062297920335,303.3086952476081,Zone B,OP-02
2026-06-01 16:10:00,3.8535371367750546,65.9152207009322,282.3946919605415,Zone B,OP-03
2026-06-07 16:20:00,3.842873000707582,65.13857994251906,272.9005853425296,Zone C,OP-01
2026-06-03 19:10:00,3.8840044345980154,72.71271505083516,264.8707226814902,Zone B,OP-01
2026-06-04 02:50:00,5.537611753247092,79.96428403529633,348.8094793800003,Zone B,OP-02
2026-06-03 01:00:00,5.362382770227629,80.38860973824032,357.8923362473139,Zone A,OP-03
2026-06-01 21:10:00,3.9034421049965196,,315.3680460332703,Zone C,OP-01
2026-06-05 07:50:00,4.412694072224902,71.51341929305674,334.35504086243225,Zone B,OP-03
2026-06-06 08:50:00,4.5223219528108904,70.49019870757996,326.25635725115546,Zone B,OP-02
2026-06-03 21:40:00,,76.15797394055446,313.38375573290125,Zone-C,OP-03
2026-06-07 22:30:00,4.163196493380098,75.51211475483113,319.20020448705196,Zone C,OP-01
2026-06-03 14:50:00,3.8334552443247816,64.2529410145766,285.64528462354997,Zone B,OP-03
2026-06-04 15:10:00,3.9589734883473335,64.68481174933424,288.5311509196938,Zone C,OP-03
2026-06-01 13:20:00,4.132959391026856,64.97369540120967,300.33190391996993,Zone B,OP-03
2026-06-02 02:20:00,5.433807643251149,82.94010644164548,359.9845471316066,Zone A,OP-01
2026-06-04 08:20:00,4.449420148562802,70.77311872441426,330.4261727316555,Zone C,OP-02
2026-06-03 23:00:00,4.192002887644115,77.77630667855264,318.4945974391592,Zone A,OP-03
2026-06-06 14:30:00,3.909626021497097,63.50171113207082,270.4987646591643,Zone B,OP-02
2026-06-05 18:10:00,3.862477631661068,67.54403216551823,273.05115330140285,Zone B,OP-02
2026-06-07 04:00:00,4.265249459278494,77.10159837756872,355.08878378543125,Zone C,OP-02
2026-06-05 16:00:00,3.8788254839538334,63.19981036871352,295.44271632238235,Zone B,OP-01
2026-06-04 13:50:00,4.0831439450114715,63.792709401829526,292.79830621670146,Zone B,OP-03
2026-06-06 16:10:00,3.9486890021285452,66.01118416396551,268.1131623288282,ZONE A,OP-02
2026-06-06 17:00:00,3.814674737564423,67.1747445941005,295.8462519984826,Zone B,OP-01
2026-06-07 10:00:00,4.326188068056766,67.01389014062157,339.0544302448711,Zone B,OP-02
2026-06-03 10:20:00,4.352116210291721,67.13121166743697,330.2827046889199,Zone A,OP-02
2026-06-03 04:40:00,4.48860989042242,78.57170211849265,362.5882386245472,Zone A,OP-01
2026-06-02 05:50:00,4.522673036121442,76.99953839568491,333.4928438781227,Zone C,OP-01
2026-06-07 04:40:00,4.452990925057345,77.50659685609973,344.8938997881449,Zone B,OP-02
2026-06-05 03:00:00,5.415035484874631,81.28750493121153,338.6426760383853,Zone A,OP-03
2026-06-05 03:20:00,5.493069004373033,79.19947278427178,352.1719334196643,Zone C,OP-02
2026-06-01 20:20:00,,71.28966808579057,306.2634076870603,Zone C,OP-02
2026-06-07 07:40:00,4.406542649191747,72.37838233894678,352.03009878427554,Zone A,OP-01
2026-06-04 06:40:00,,75.47619546053238,367.255376143279,Zone A,OP-03
2026-06-06 06:10:00,4.567525649451376,75.62262224965119,351.57129437031944,Zone B,OP-02
2026-06-07 03:40:00,5.65176464466999,78.96026127737507,372.1496611437017,Zone B,OP-03
2026-06-04 16:00:00,3.957487244525157,65.87564513682382,279.4533128635654,Zone A,OP-02
2026-06-04 03:40:00,5.554633319724729,78.31625606354149,354.30147494778095,Zone B,OP-03
2026-06-07 05:50:00,4.377145349569175,76.53065999383692,378.52783268837396,Zone B,OP-03
2026-06-07 08:20:00,4.517732413915906,69.05748898551194,327.36898237905694,Zone A,OP-01
2026-06-03 21:50:00,4.151716892235337,76.59175424542877,306.5415779298444,Zone A,OP-02
2026-06-02 04:40:00,4.446265968536662,76.74325501418524,,Zone C,OP-02
2026-06-05 15:50:00,3.9641932441552736,64.50141498161395,277.1518644057342,Zone C,OP-02
2026-06-03 07:40:00,4.472651630896151,73.48442192335015,351.0596275641373,Zone C,OP-01
2026-06-03 18:10:00,3.918891877161301,68.92845824457937,268.83134386786793,Zone C,OP-01
2026-06-02 21:10:00,4.025253615352642,73.87204288101265,338.20918723725913,Zone B,OP-01
2026-06-02 12:40:00,4.127182922463553,65.26227228500238,294.25285106647385,Zone A,OP-01
2026-06-07 20:50:00,3.9490793675227818,73.58772239811518,303.15822998370413,Zone A,OP-01
2026-06-04 05:10:00,4.3282937492712295,78.9128178272269,354.8301599074673,Zone B,OP-02
2026-06-01 02:30:00,5.414039684808929,80.7109173719327,350.67257742079534,Zone B,OP-01
2026-06-04 22:50:00,4.131906937883239,78.50493428518583,340.6310221287354,Zone C,OP-01
2026-06-03 16:50:00,3.799383808590217,65.72153033664095,261.12071061867414,Zone C,OP-02
2026-06-05 22:40:00,4.023332263704489,78.29821858921508,349.326487426634,zone a,OP-01
2026-06-03 05:30:00,4.48269722924685,77.96906625929356,367.11607675285074,Zone A,OP-01
2026-06-06 13:30:00,3.9889505348853698,65.23498309453747,297.35576840156466,Zone C,OP-02
2026-06-06 23:10:00,4.199337823398613,78.65823105889032,305.63281562959185,Zone A,OP-02
2026-06-04 15:30:00,3.9224986087396796,63.13853557665582,285.2394011743436,Zone C,OP-02
2026-06-04 12:30:00,4.189108759476739,64.94089585167914,274.0955735548943,Zone A,OP-02
2026-06-02 00:30:00,5.329788281588737,79.39265366160613,351.40117241903545,Zone C,OP-03
2026-06-03 18:00:00,3.960854808632136,67.09693853036029,264.79755723488734,Zone A,OP-01
2026-06-05 13:30:00,4.091544007895287,63.253934506748635,293.97005983098796,Zone B,OP-03
2026-06-07 07:00:00,4.468472623795797,75.56021385195496,332.5625140441977,Zone B,OP-02
2026-06-01 08:30:00,4.488104902299433,71.84722159314968,335.70616279087966,Zone A,OP-03
2026-06-06 18:30:00,87.3,67.77518678080365,281.12059495379725,Zone C,OP-01
2026-06-03 06:40:00,4.4009115606249,75.54485975675944,360.62259543523754,Zone A,OP-02
2026-06-01 03:40:00,5.64371283864736,80.82416600773546,347.8342557467797,Zone B,OP-02
2026-06-02 21:00:00,3.932639532681146,74.2314321623953,317.55807279623286,Zone A,OP-01
2026-06-07 06:10:00,4.507179602600102,76.27430021438524,375.37123247837303,Zone C,OP-03
2026-06-06 03:50:00,5.409287963010075,78.40797252860177,,Zone A,OP-02
2026-06-02 10:50:00,4.260887155935027,64.1243816145313,314.7228152039093,Zone C,OP-01
2026-06-03 00:10:00,5.30855875937703,78.17005661101567,335.1983408544154,Zone B,OP-03
2026-06-01 23:40:00,4.005128888675195,78.58028121532055,344.3995529882863,Zone B,OP-03
2026-06-01 08:20:00,4.468501793412603,71.80423468150552,349.25236646487974,Zone C,OP-03
2026-06-02 03:40:00,5.621502767240641,79.27805861989049,337.43541580579824,Zone B,OP-01
2026-06-06 14:00:00,4.144028348052185,64.32917571408221,266.6475926108322,Zone B,OP-02
2026-06-07 14:30:00,4.043863408761325,63.35906586257176,274.6016553684346,Zone A,OP-02
2026-06-01 13:30:00,4.031268835535975,63.78957372382409,279.10709477871427,Zone A,OP-01
2026-06-03 08:30:00,4.483998740044014,70.3353990408529,309.3986897519293,Zone A,OP-03
2026-06-05 19:50:00,3.875595034642623,,307.2066658091742,Zone C,OP-03
2026-06-07 08:10:00,87.3,72.94438188830158,334.1616237300933,Zone B,OP-03
2026-06-01 11:00:00,4.248918692262069,65.5039816568898,296.60660153128646,Zone A,OP-02
2026-06-04 16:30:00,3.8449785086699735,67.35687948758478,304.5868053633187,Zone B,OP-02
2026-06-05 14:30:00,3.9832232173932813,62.13284582400734,288.41474193604034,Zone C,OP-02
2026-06-04 12:40:00,4.096649750202246,63.695896877177425,317.05374847518993,Zone B,OP-01
2026-06-04 18:00:00,3.7651646652229926,68.49769137419878,260.16449607900245,Zone A,OP-03
2026-06-02 23:10:00,4.175018044812104,77.1789785404125,327.9215708030294,Zone B,OP-03
2026-06-07 03:10:00,5.435016201299608,78.71111459430855,368.8771450669851,Zone A,OP-01
2026-06-04 14:20:00,99.5,65.45385061994577,281.6676021714951,Zone B,OP-01
2026-06-01 10:40:00,4.358722013144449,66.85978054788758,318.76305739812494,Zone C,OP-03
2026-06-07 06:20:00,4.485813134511852,74.50314398213506,340.1697765311325,Zone A,OP-01
2026-06-02 20:00:00,3.9796482862698865,71.2640597178487,314.40323405817765,Zone B,OP-02
2026-06-07 00:00:00,5.255747999297749,78.14940055419476,344.14440402749705,Zone C,OP-01
2026-06-05 01:00:00,5.361425556831224,78.01630330897994,325.36467632248554,Zone B,OP-02
2026-06-04 13:40:00,4.1304554829150275,63.769345134321775,301.0434741003536,Zone A,OP-03
2026-06-01 03:20:00,5.515191369158429,79.63063803190144,353.6735814907082,Zone-B,OP-02
2026-06-06 03:10:00,5.347777108317718,80.04194822129396,344.7523094698032,Zone B,OP-03
2026-06-06 09:20:00,4.297523783631486,70.19144071206853,317.1211119291966,Zone A,OP-02
2026-06-07 20:00:00,3.9767729681308994,72.2415053947906,315.6513478955472,Zone B,OP-02
2026-06-03 01:20:00,5.429892676478413,,366.7884274495102,Zone C,OP-02
2026-06-06 20:30:00,3.9613582737195254,73.23705700504759,294.4942141772871,Zone B,OP-01
2026-06-02 12:20:00,4.158671037771839,65.75676670226713,286.441200978445,Zone A,OP-03
2026-06-02 19:30:00,3.9028411799145193,71.38413829683634,317.8956595302066,Zone A,OP-03
2026-06-05 13:50:00,4.028031158156661,64.01790759654351,290.54409839032223,Zone A,OP-02
2026-06-04 12:00:00,99.5,66.25017689090085,297.4780828182963,Zone-B,OP-03
2026-06-07 19:50:00,3.998883179050231,72.26863779774504,295.14319851078227,Zone C,OP-03
2026-06-06 15:30:00,3.915392878509822,65.49593082464722,310.2112995360511,Zone B,OP-01
2026-06-04 06:50:00,4.506322653435352,75.28447328491617,349.54782214144893,Zone A,OP-01
2026-06-06 19:00:00,3.8529853721610077,70.89885268142278,290.2110181744542,Zone B,OP-03
2026-06-02 07:20:00,4.371609874788714,72.22211420014162,359.15219001071665,Zone B,OP-03
2026-06-02 17:50:00,3.9274853869766018,66.88074553509206,281.71615287858134,Zone C,OP-03
2026-06-01 11:50:00,4.121500729706172,67.17138337619204,296.646319839933,Zone A,OP-03
2026-06-06 02:20:00,5.502051825972645,80.58724572336205,361.0877518316059,Zone C,OP-01
2026-06-03 14:30:00,4.199740804778954,63.842346210531616,291.6299626325481,zone b,OP-02
2026-06-03 09:20:00,4.518686282045704,67.95772129202581,346.12809063171693,Zone A,OP-02
2026-06-07 07:50:00,4.492191986505619,70.65125402375662,344.2755892978443,Zone B,OP-01
2026-06-03 12:10:00,4.212899320780165,66.17550075971542,290.3888545325794,Zone B,OP-03
2026-06-06 14:40:00,3.973709107123748,64.90241789355856,282.36870238127955,Zone C,OP-02
2026-06-07 13:10:00,4.194200613899725,64.49520729977483,313.45818115744044,Zone C,OP-02
2026-06-03 14:00:00,4.114375416394516,65.47510395319708,298.9866880087062,Zone A,OP-02
2026-06-03 20:30:00,3.7785946330106697,72.8443185869919,297.5567617532652,Zone A,OP-02
2026-06-04 21:40:00,4.038053112408246,75.24458761825811,331.73941701892966,Zone B,OP-02
2026-06-05 19:10:00,3.8970528548452856,70.37832719576485,258.8257519153461,Zone A,OP-01
2026-06-04 05:30:00,4.461467980162106,74.3274674715254,346.43291570496694,Zone A,OP-02
2026-06-06 17:30:00,3.9036858713264504,67.55509546865014,296.3862716911609,Zone A,OP-01
2026-06-04 03:20:00,5.689626744790883,80.74577042463183,367.3074854490683,Zone-C,OP-01
2026-06-05 18:00:00,3.865299151211845,66.22062564816203,295.7669168220111,Zone B,OP-01
2026-06-03 18:30:00,3.8469140827737607,69.50097461614965,304.39400237225686,Zone C,OP-01
2026-06-03 12:20:00,4.249154902386148,63.04195472440032,297.8285197610207,Zone A,OP-01
2026-06-06 19:50:00,3.912232220054062,70.22243272759094,,Zone B,OP-01
2026-06-04 03:50:00,5.568961181786302,79.7465612361533,354.75605951502325,Zone-B,OP-03
2026-06-02 12:20:00,4.158671037771839,65.75676670226713,286.441200978445,Zone A,OP-03
2026-06-02 15:50:00,3.9029717505813286,62.60343030987904,265.8752736359353,Zone B,OP-02
2026-06-04 15:40:00,4.066800389480581,67.07969622088572,276.30855473159244,ZONE B,OP-01
2026-06-04 16:20:00,3.896326363807949,64.22120649831734,276.4073143554989,Zone A,OP-01
2026-06-02 08:00:00,4.427895757304192,70.72389794226909,347.85707883996406,Zone B,OP-02
2026-06-04 09:30:00,4.430791681232353,67.75167881036798,336.3497094336016,Zone C,OP-02
2026-06-02 07:50:00,4.45058618145641,71.38975095444428,347.2582326250532,Zone B,OP-01
2026-06-03 09:50:00,4.4046400729547335,69.09552013285668,327.850924585504,Zone C,OP-03
2026-06-05 22:00:00,4.040316708968928,75.18458928602881,313.25860797433023,Zone C,OP-01
2026-06-04 03:10:00,5.553003462469942,80.1221228227503,374.88644732620253,Zone C,OP-01
2026-06-01 22:00:00,4.102300503727546,77.77182801573862,314.9123415507152,Zone A,OP-02
2026-06-05 23:00:00,4.114499828617302,76.76888845255102,316.6007094595224,Zone A,OP-03
2026-06-02 18:00:00,4.03831369551851,68.95054648264407,262.95213843976916,Zone A,OP-02
2026-06-07 02:20:00,5.473021624795437,78.699334429539,348.5457701802081,Zone B,OP-03
2026-06-06 05:40:00,4.642366479617409,75.92722217555398,367.71016696807783,Zone B,OP-03
2026-06-02 19:50:00,3.8910664109666153,73.10440175116955,274.28823096769923,Zone B,OP-02
2026-06-01 11:40:00,4.123185232270042,64.95185918711236,302.700915786826,Zone B,OP-02
2026-06-02 21:20:00,4.002102639094572,75.90063392728156,324.24130157532005,Zone B,OP-02
2026-06-07 19:00:00,3.800424416118589,70.13027627805168,286.4270484808271,Zone C,OP-02
2026-06-03 06:30:00,4.491492544516375,77.5352632053539,349.6993078387624,Zone A,OP-01
2026-06-01 19:10:00,3.8719785680371728,69.6574167465581,320.4862458873969,Zone A,OP-03
2026-06-03 05:50:00,4.559937770051139,75.23028566635611,365.78340805146576,Zone B,OP-01
2026-06-07 18:10:00,3.9504485310725763,67.597771952589,303.2736925706999,Zone C,OP-02
2026-06-06 18:00:00,3.997328241361042,68.18533002190344,277.6321167965027,Zone B,OP-01
2026-06-04 09:50:00,4.385093379434544,67.0734054131373,326.14318659680606,Zone A,OP-03
2026-06-03 22:00:00,4.062122836545059,76.58302697292869,307.9867695810773,Zone A,OP-03
2026-06-05 08:30:00,,72.41627415578802,323.69330332688367,Zone B,OP-02
2026-06-06 10:10:00,4.323063514558522,,314.75578296933776,Zone C,OP-02
2026-06-04 02:20:00,5.562167367998233,81.7465110326649,354.3244069728722,Zone A,OP-02
2026-06-04 04:30:00,4.477323159415527,76.84513150296027,360.114662370781,Zone B,OP-02
2026-06-07 02:30:00,5.489320129438655,80.1803049381511,342.6482864271255,Zone A,OP-02
2026-06-04 03:30:00,5.707703080497226,78.60308557965043,359.83030568603897,Zone C,OP-01
2026-06-04 11:00:00,4.112110251552764,63.961279769931224,311.2102045880956,Zone C,OP-02
2026-06-02 22:20:00,4.1717902151362685,74.76379136766951,337.00497685856345,Zone B,OP-02
2026-06-06 12:10:00,4.207926729779727,65.48286167193956,281.6336890857783,Zone B,OP-02
2026-06-05 13:10:00,4.127257440573233,66.3815388913956,307.6117461276641,Zone A,OP-01
2026-06-01 00:20:00,5.38620871741365,77.6014216389554,349.1485924047227,Zone B,OP-01
2026-06-02 14:10:00,4.013316846174164,64.68480615128856,277.32925250242175,Zone C,OP-03
2026-06-07 22:00:00,4.1226944289484555,74.28622104439563,315.72842739794135,Zone B,OP-02
2026-06-07 12:20:00,4.236954729236795,63.8692592347436,270.96377998667515,Zone C,OP-03
2026-06-07 17:50:00,3.8915058105326454,68.25348831422532,303.89887241658766,Zone B,OP-02
2026-06-07 00:20:00,5.229965949496283,77.94004952537175,352.4256887789398,Zone B,OP-03
2026-06-02 09:10:00,4.387686933233418,68.83497493292688,329.4082154375175,Zone B,OP-03
2026-06-03 13:50:00,4.1635326293238375,65.79067673094147,294.4496517444029,Zone A,OP-03
2026-06-07 00:40:00,5.316376758360713,80.3667583671854,346.1152859044624,Zone C,OP-01
2026-06-07 02:00:00,5.458765567504948,77.590186791172,353.7964181980929,Zone A,OP-01
2026-06-01 10:50:00,4.3528733345584465,64.95093069226296,316.80051959423866,Zone-C,OP-02
2026-06-04 12:10:00,4.1368799639206815,62.60273392663465,319.95350252943445,Zone B,OP-02
2026-06-01 06:40:00,4.5548119259514985,73.92824601456807,345.2822879450782,Zone C,OP-01
2026-06-06 04:50:00,4.417441198534932,80.69843200707948,,Zone B,OP-01
2026-06-04 08:40:00,4.4211763371656465,70.07083993492124,340.4164262661119,Zone C,OP-01
2026-06-05 20:30:00,3.951545317327733,73.22171391576327,305.7508563859221,Zone C,OP-02
2026-06-06 09:50:00,4.248347166248008,66.49132295775387,329.4461493808492,Zone C,OP-03
2026-06-07 15:30:00,4.134061383474835,65.1736531402822,273.2468995253099,Zone B,OP-02
2026-06-04 22:30:00,4.039805019471124,75.21036418991169,329.3371880311335,Zone A,OP-03
2026-06-02 21:30:00,4.187653136858172,72.19345908729429,295.3484922762585,Zone A,OP-03
2026-06-05 20:50:00,3.9654691927546524,73.40313790860492,310.1735508942922,Zone C,OP-03
2026-06-05 22:50:00,4.117702436548536,75.63062372979057,313.76908838988,Zone A,OP-03
2026-06-04 10:10:00,,67.1278123625364,314.6591037150972,Zone A,OP-03
2026-06-06 23:50:00,4.204846639787008,78.03049939514175,343.71452433541515,Zone C,OP-02
2026-06-02 05:30:00,4.51052435425619,75.46543525426368,357.6359848620638,Zone A,OP-02
2026-06-03 02:00:00,5.591552482373314,76.66172914902084,350.9676526024932,Zone A,OP-03
2026-06-01 06:10:00,4.432480583879054,74.98253206503142,388.48944879493564,Zone B,OP-03
2026-06-04 10:00:00,4.3215277744029565,67.50106204519885,330.9543309008489,Zone A,OP-02
2026-06-02 09:40:00,4.377162235893963,69.96433769053964,,Zone B,OP-02
2026-06-02 15:20:00,3.796443677403438,65.64030625259178,288.80583262188594,Zone C,OP-02
2026-06-02 00:50:00,5.379385339687737,81.2929663443591,361.4806449841148,Zone C,OP-03
2026-06-02 12:10:00,4.2910885591990615,65.67730302991517,317.98303611930316,Zone B,OP-03
2026-06-05 17:20:00,3.9684932710278322,66.58016335407416,288.43646240138594,Zone B,OP-03
2026-06-03 19:50:00,4.002742444746252,70.39236812622961,293.0784554544072,Zone C,OP-01
2026-06-04 19:50:00,3.98180219276141,,303.79152164026243,Zone C,OP-01
2026-06-05 06:40:00,4.551052403246857,75.1206375095582,349.8938989990886,Zone C,OP-03
2026-06-07 10:40:00,4.272609053221507,66.86069179055593,310.81548563449894,Zone B,OP-01
2026-06-03 02:20:00,5.544380085822323,78.57270010275396,382.88522453028696,Zone B,OP-03
2026-06-07 00:10:00,5.390789957479738,77.6266185241329,352.6837886732963,Zone B,OP-02
2026-06-07 10:10:00,4.478324714666114,69.30194541676686,332.77878201718266,Zone B,OP-02
2026-06-05 16:20:00,3.9913860717957124,64.71991154334808,264.81841886351526,Zone C,OP-02
2026-06-07 11:30:00,4.358896370435008,65.8000848293306,318.1042173784965,Zone A,OP-03
2026-06-03 16:40:00,3.9385090543695127,66.44142871657252,270.17017845921896,Zone B,OP-01
2026-06-03 22:20:00,4.030655024096251,76.07213768656162,335.22092027266405,Zone B,OP-03
2026-06-03 16:30:00,3.962885095862272,67.74272392117273,271.9367841056412,Zone B,OP-02
2026-06-06 09:40:00,4.368523359175855,70.048148257488,336.2875695218821,Zone A,OP-03
2026-06-03 17:00:00,3.7241433045891656,66.86502778835947,284.78326823195255,Zone C,OP-02
2026-06-07 11:00:00,4.266390050771882,,328.2041156469159,Zone A,OP-02
2026-06-03 10:40:00,4.252619087608321,66.60269453176389,302.78470900325146,Zone C,OP-02
2026-06-02 08:10:00,4.568576166996632,71.37818035030766,333.79795811630663,Zone C,OP-01
2026-06-02 15:10:00,3.9244328202913334,63.64929407051614,280.0535844462142,Zone A,OP-03
2026-06-04 01:40:00,5.46092289181202,79.5562172927984,330.5551179507695,Zone A,OP-01
2026-06-06 20:20:00,4.100989683454562,71.84197239095802,299.48851127911854,Zone A,OP-02
2026-06-01 09:10:00,4.351039147589245,71.29725798134481,312.6011134804459,Zone A,OP-02
2026-06-06 08:00:00,4.352285818618183,70.49519471480748,344.2810143277937,Zone B,OP-01
2026-06-01 16:00:00,3.8337547085072687,63.58930860847462,290.9424138714306,Zone B,OP-02
2026-06-01 23:30:00,4.083496987591496,79.37765834423506,324.94526584518195,Zone A,OP-02
2026-06-05 21:00:00,3.9119525494795253,73.24344926095816,322.38336471784754,Zone A,OP-02
2026-06-07 00:50:00,5.372184619621705,81.77712680399331,351.0770235278939,Zone A,OP-02
2026-06-05 16:30:00,3.9475454243872297,67.04088795430538,267.9879444802584,Zone A,OP-02
2026-06-04 23:20:00,4.17620611547389,79.43911887469663,337.43832693031464,Zone B,OP-01
2026-06-01 20:00:00,3.859096026571876,71.37143974408771,302.3532616260583,Zone C,OP-03
2026-06-05 04:20:00,4.577062395095298,78.99449058977892,350.58423662034863,Zone A,OP-03
2026-06-04 22:40:00,4.148236708050891,77.03789336792988,332.50843665340483,Zone A,OP-01
2026-06-01 10:20:00,4.3390748405336375,67.47126501920553,291.4756854710414,Zone B,OP-02
2026-06-07 18:50:00,3.877134615707964,69.20941877737177,319.7030000932713,Zone C,OP-01
2026-06-05 12:40:00,4.273011880012521,,293.9073985606123,Zone A,OP-03
2026-06-03 21:00:00,3.968916515717004,74.31223920308705,291.1623210313322,Zone A,OP-02
2026-06-01 00:30:00,5.4144416979518954,80.96957402530519,349.3182939359533,Zone A,OP-02
2026-06-01 09:40:00,4.302188306890204,67.65994851057886,325.0035689032794,Zone A,OP-01
2026-06-02 13:10:00,4.020276860905408,62.91278828335333,287.2286860050148,Zone A,OP-03
2026-06-05 07:20:00,4.443797737837171,73.99915457514035,341.6607854941346,Zone B,OP-01
2026-06-01 16:50:00,4.017431124088842,66.88408622985645,282.07937476633543,Zone C,OP-01
2026-06-06 00:40:00,99.5,79.21604678189303,335.71362221148047,Zone A,OP-03
2026-06-02 12:50:00,4.151666201418298,65.14557159507261,292.3102756680465,Zone A,OP-03
2026-06-06 18:20:00,3.933949684784152,70.3117540365941,280.70744239977745,Zone A,OP-02
2026-06-01 00:40:00,5.196062843396631,78.77971865639594,345.16287980309124,Zone A,OP-03
2026-06-01 08:40:00,,70.78176880577223,340.8482883015727,Zone C,OP-01
2026-06-01 02:50:00,5.426129324681992,79.44503283347908,353.1007751264116,Zone C,OP-01
2026-06-06 04:40:00,4.455347357069007,80.25565357159499,,Zone B,OP-02
2026-06-07 08:50:00,4.455310741623491,68.89595307077609,344.0878002256844,Zone C,OP-03
2026-06-03 03:00:00,5.488169461361622,80.47176736676057,372.2109632814968,Zone A,OP-02
2026-06-05 15:10:00,4.011617747246676,62.389467923677614,272.6214174336297,Zone B,OP-02
2026-06-02 01:50:00,5.581743025571592,78.16292481148393,340.4370270994852,Zone C,OP-01
2026-06-07 16:50:00,3.8011847037867272,68.10867098228805,299.6551092138142,Zone A,OP-01
2026-06-05 17:30:00,3.9515475466552012,68.0660697590045,,Zone A,OP-01
2026-06-05 11:20:00,4.216845068167137,66.61554601553686,294.05777378794653,Zone-C,OP-01
2026-06-02 17:20:00,4.136420318350299,67.56716905225787,287.9708946593871,Zone B,OP-03
2026-06-02 17:30:00,3.8084360507744752,66.85586336282324,292.3241733601473,Zone C,OP-03
2026-06-03 11:40:00,4.152440216715178,64.2430553282538,299.13261167858957,Zone A,OP-02
2026-06-04 07:40:00,4.469715390337246,73.96172750915396,356.1254790069152,Zone B,OP-02
2026-06-03 23:40:00,4.0961822680749,76.92270286178358,332.21121046270196,Zone B,OP-03
2026-06-04 01:30:00,5.446372892964428,79.18723889152855,344.3692902915719,Zone A,OP-02
2026-06-06 16:50:00,4.025879586684212,65.7676128845337,283.8227002601089,Zone C,OP-01
2026-06-07 17:00:00,3.8867604475135806,64.7045867328901,279.210948152829,Zone A,OP-02
2026-06-01 05:00:00,4.661210242585295,78.87725650117963,366.7835741504366,Zone B,OP-02
2026-06-02 22:50:00,3.973711635626988,78.18392275220546,319.21091677138867,Zone A,OP-01
2026-06-05 17:10:00,3.8919736295588296,66.7888249849907,293.3741793824874,Zone A,OP-01
2026-06-07 18:40:00,,68.28380733160128,289.1356196599657,ZONE C,OP-03
2026-06-01 19:30:00,3.9251698867385,70.2984892917123,298.9548198522083,Zone A,OP-01
2026-06-06 21:30:00,4.103768538487788,76.23685103522337,300.213821499946,zone c,OP-03
2026-06-01 19:20:00,3.937225595239723,70.0588924146796,289.1873965776164,Zone B,OP-02
2026-06-06 09:10:00,87.3,68.51836729677105,326.9649080226758,Zone C,OP-03
2026-06-05 15:30:00,87.3,64.99187344653802,282.0086738270391,Zone B,OP-01
2026-06-03 00:30:00,5.35510998713962,,344.16075270753856,Zone C,OP-01
2026-06-01 04:30:00,4.506533506507013,78.56251340305984,350.60364042723603,Zone A,OP-02
2026-06-03 15:30:00,,63.419517581840736,278.1806489574351,Zone B,OP-01
2026-06-03 03:10:00,5.627863188372257,81.91034858363705,359.10122606844277,Zone C,OP-02
2026-06-04 13:00:00,3.991093513055716,63.94878196821697,290.91804725870884,Zone C,OP-02
2026-06-05 03:40:00,5.569454032560296,79.9304769309196,337.57401851327825,Zone C,OP-02
2026-06-02 09:20:00,4.417843472097949,72.29342018025523,327.6687003320485,Zone B,OP-01
2026-06-05 23:50:00,4.114473969385181,78.04217882654098,333.9040897347196,Zone C,OP-01
2026-06-03 16:10:00,3.8680921102068275,65.67951712525672,291.7892494228721,zone c,OP-01
2026-06-05 23:30:00,4.224960004688701,78.38457472763908,330.03484138092966,Zone C,OP-02
2026-06-06 11:20:00,4.155384297830962,65.54652354670533,295.6572748619553,Zone C,OP-01
2026-06-07 08:00:00,4.498125368142557,70.74896022158326,,Zone A,OP-01
2026-06-06 13:20:00,4.020081892716081,64.18720007691215,271.52611334128227,Zone C,OP-01
2026-06-04 18:10:00,3.834576242404018,68.61310509526822,296.33577924545705,Zone B,OP-01
2026-06-03 04:20:00,4.539831164056869,78.67693340618386,349.0553025509437,Zone C,OP-01
2026-06-02 01:20:00,5.270485855053972,78.39108022407137,341.339425398128,Zone B,OP-03
2026-06-02 22:40:00,4.139233108659943,79.3285032805105,357.3640017483224,Zone A,OP-02
2026-06-07 18:30:00,3.821158715554946,68.5995027177532,308.25425851022874,Zone C,OP-01
2026-06-06 06:50:00,4.541418600001315,77.88540356205611,343.67084152242836,Zone C,OP-02
2026-06-03 10:50:00,4.3509261907883285,67.88573572538357,321.13386442437235,Zone C,OP-01
2026-06-07 02:40:00,5.519501637818468,78.01729053506904,369.5286287642814,Zone C,OP-02
2026-06-02 10:30:00,4.214809436212495,65.72242461100407,305.8311407962325,Zone C,OP-01
2026-06-03 15:10:00,3.938902447228242,62.995972550542525,267.0932266331506,Zone B,OP-01
2026-06-06 08:10:00,4.5820523499871975,72.01478426179212,339.2577785772751,Zone C,OP-01
2026-06-03 20:40:00,3.9194044471909324,72.89675071746493,305.9013698647558,Zone C,OP-03
2026-06-07 02:50:00,5.586782697682114,80.47710473321463,,Zone B,OP-03
2026-06-01 03:50:00,5.540815589440099,79.50244980507044,363.44740357040683,Zone A,OP-02
2026-06-03 08:40:00,4.243644438907517,71.96639529498766,335.8145123896656,Zone C,OP-02
2026-06-06 16:20:00,3.9456419247561465,66.4259401428254,286.11551479519204,Zone C,OP-01
2026-06-05 11:00:00,4.433770529027716,65.84590627703545,307.3250388007506,Zone C,OP-01
2026-06-02 01:40:00,5.424294323700876,79.62923667483363,342.16323795818715,Zone-C,OP-01
2026-06-07 00:30:00,5.317745796885402,,358.48109155785295,Zone A,OP-01
2026-06-04 21:00:00,3.893500672799421,72.49597025935181,308.7910032806989,Zone B,OP-02
2026-06-06 01:50:00,5.451544239710951,80.11962657912879,348.26972928764053,Zone A,OP-02
2026-06-07 17:40:00,3.8776832380321387,69.26768539603356,286.59181969588167,Zone B,OP-01
2026-06-06 11:50:00,4.102782494830399,64.77736643375991,278.1655726371678,Zone C,OP-01
2026-06-03 05:40:00,-9.9,74.5503130420879,369.007677664363,Zone A,OP-02
2026-06-04 18:40:00,3.885597370333626,68.38894339551493,293.6649976989088,Zone B,OP-03
2026-06-07 14:50:00,3.895370593344695,63.41095693514074,281.25477798066544,Zone B,OP-02
2026-06-05 01:50:00,87.3,80.52594558929877,356.2315380772565,Zone A,OP-03
2026-06-01 13:40:00,4.043204968025004,63.353146194308934,266.00265201007875,Zone A,OP-01
2026-06-05 10:50:00,4.338167008960315,65.87788583384672,299.77298797142515,Zone C,OP-03
2026-06-04 05:20:00,4.407039180643093,77.29032678218023,379.43359581220335,Zone B,OP-02
2026-06-04 20:00:00,3.9675675057437574,71.3433335909651,278.29565969838086,Zone A,OP-01
2026-06-03 07:30:00,4.394381170594202,73.81686489747595,353.63391269301195,Zone B,OP-02
2026-06-01 01:40:00,5.497255115342421,79.52405221585232,359.00769160622605,Zone A,OP-02
2026-06-04 06:20:00,4.52608067126548,75.10544053067329,354.12536193455816,Zone C,OP-03
2026-06-01 05:20:00,4.45453485550963,76.27180357275704,359.10936862111527,Zone B,OP-02
2026-06-06 10:30:00,4.3768744028647,67.20507328197274,306.64689694000094,Zone A,OP-01
2026-06-07 03:20:00,5.44956338496838,78.17727136988876,352.764800825061,Zone A,OP-03
2026-06-03 15:40:00,3.8232592597963135,63.84305299948282,272.44726879090024,Zone A,OP-01
2026-06-07 01:20:00,5.471124408077713,80.73486113194001,346.23706661879675,Zone A,OP-03
2026-06-04 20:40:00,3.9146164026251724,72.07852470039322,324.01867089811003,Zone C,OP-03
2026-06-07 07:20:00,4.483247349455928,72.71176040894574,337.11092863491075,Zone B,OP-01
2026-06-07 08:40:00,4.536884780379879,70.60387696646161,347.2124388657887,Zone A,OP-02
2026-06-03 15:00:00,4.112762473599981,65.71097025270157,270.78915507386887,Zone A,OP-01
2026-06-01 14:50:00,4.03219397824704,64.71541200034095,275.9514700579958,Zone A,OP-03
2026-06-02 11:30:00,4.197677579566722,67.39128856491588,308.55272668828377,Zone B,OP-03
2026-06-07 06:50:00,4.654941937290031,70.96589281478542,351.7570198574871,Zone C,OP-02
2026-06-01 22:10:00,4.045233413013984,73.2316895167789,322.5601286693652,Zone-B,OP-01
2026-06-03 09:40:00,4.321081201486276,71.14981652479185,319.6018708115779,Zone C,OP-02
2026-06-01 01:10:00,5.364999109722851,78.49535924927741,348.0160356949724,Zone C,OP-03
2026-06-05 07:10:00,99.5,75.79883584406323,361.41753504330995,Zone B,OP-02
2026-06-03 05:20:00,4.558724250146771,77.1951057661352,390.92831103484366,Zone C,OP-02
2026-06-06 10:50:00,,66.31258780042715,322.5738129767227,Zone B,OP-01
2026-06-02 07:10:00,4.387417220235285,76.38804280600313,354.7348408514622,Zone A,OP-03
2026-06-03 02:40:00,5.490940687790849,79.11102347122667,362.4766004027354,Zone A,OP-01
2026-06-01 05:10:00,,78.48228632378313,364.38197872772207,Zone C,OP-02
2026-06-05 06:10:00,4.534966985613532,75.89549799033688,353.1626348857572,Zone C,OP-03
2026-06-02 16:00:00,3.868497715596936,64.72344937509358,283.9874304567132,Zone B,OP-02
2026-06-06 01:30:00,5.333938351089199,79.6868264534696,365.84876248110606,Zone C,OP-01
2026-06-02 05:00:00,4.388119903156451,76.9164338792653,367.5114828637419,Zone A,OP-02
2026-06-02 16:50:00,3.809949575532019,66.27042239849384,271.42170214646626,Zone A,OP-02
2026-06-01 09:20:00,4.37026669921582,68.82979606608555,304.04534510098097,Zone C,OP-01
2026-06-06 07:50:00,4.416858065441726,72.81681818604926,,Zone B,OP-02
2026-06-02 00:10:00,5.281740022371554,78.26527205893856,329.57718469049877,Zone B,OP-02
2026-06-01 15:00:00,4.04027313966439,65.35860930001998,298.38497237517237,Zone B,OP-01
2026-06-03 17:20:00,3.865973409243386,68.09395965307863,253.85629421452649,Zone B,OP-02
2026-06-03 03:40:00,5.642227656842734,77.57839989573544,333.176595406508,ZONE C,OP-02
2026-06-03 11:50:00,4.196619935657974,66.98659077211846,272.54503514939677,Zone B,OP-01
2026-06-01 15:30:00,3.954882540815295,65.22065216791917,282.9886011136561,Zone A,OP-02
2026-06-05 19:40:00,3.8659061691763554,71.33607504524579,296.661952552857,Zone A,OP-03
2026-06-06 05:20:00,4.415777218853875,75.81986466027648,367.37182635653255,Zone B,OP-02
2026-06-03 14:40:00,3.987032408954413,61.97985530900019,262.594604953165,Zone C,OP-02
2026-06-02 16:30:00,3.8042791046878746,67.29905251655477,286.88845004578826,Zone A,OP-03
2026-06-07 05:40:00,4.537959363216102,,360.2776151314681,Zone B,OP-02
2026-06-01 14:30:00,4.017475188566663,65.50213733280613,292.618085621699,Zone A,OP-01
2026-06-02 11:40:00,4.1971605954659745,66.11865606275566,309.4373245584401,Zone B,OP-03
2026-06-07 20:20:00,3.8494863898327676,72.76702246729293,327.3851565848026,Zone B,OP-01
2026-06-02 04:50:00,4.388734813359324,79.13371282970613,365.7739763267081,Zone A,OP-03
2026-06-03 22:50:00,,75.27018615565949,335.3091304373633,Zone A,OP-01
2026-06-06 09:30:00,4.4062727215475626,70.494272354593,318.6259212049543,Zone C,OP-03
2026-06-01 19:40:00,4.056901771650897,73.09368409856394,286.86951941468936,Zone A,OP-01
2026-06-01 19:50:00,3.9154661029908926,71.19730679729837,293.6712386326035,Zone A,OP-01
2026-06-06 03:40:00,5.469500101917692,78.3710997970231,368.87792387953965,Zone B,OP-03
2026-06-01 00:00:00,,79.63926567481894,338.84002464291973,Zone A,OP-01
2026-06-03 17:40:00,3.9568950762876147,66.9711976640993,272.8257195383461,Zone A,OP-02
2026-06-03 18:50:00,3.9240256503090443,69.98376087255133,282.756268054219,Zone B,OP-01
2026-06-03 19:20:00,3.9616248429878955,68.49601541510314,271.7679346145813,Zone A,OP-02
2026-06-05 07:00:00,4.4384767765869615,71.41474327843787,361.8767232326588,Zone B,OP-01
2026-06-05 08:10:00,4.405883789145795,,337.29139696789747,Zone-C,OP-02
2026-06-02 03:00:00,5.68389342423537,78.42529404096672,365.69617128085093,Zone C,OP-03
2026-06-01 19:00:00,3.916379686044602,68.70507297795714,292.36894512119545,Zone B,OP-03
2026-06-02 01:00:00,5.36683668038112,76.6957171529582,381.5483100570821,Zone-C,OP-02
2026-06-05 23:20:00,4.032016777999083,79.39721527080236,354.6885510125686,Zone B,OP-01
2026-06-05 00:40:00,5.1667083301941545,78.27334514795608,360.6130393758337,Zone C,OP-03
2026-06-06 01:20:00,5.320233201540402,78.21375112239454,363.0792277722899,Zone B,OP-02
2026-06-03 13:20:00,4.109096551080969,64.83608337386211,297.76435222406354,Zone B,OP-03
2026-06-04 18:30:00,3.8892319602817587,67.89525397095431,306.14563875011015,zone b,OP-01
2026-06-04 07:30:00,4.3833769399051254,72.2828515810783,335.2994479859849,Zone B,OP-01
2026-06-04 16:40:00,3.8799169572014742,65.43619699054841,259.7841815855145,Zone C,OP-01
2026-06-07 21:20:00,4.160766522528441,74.16211482961971,310.57417186606733,Zone B,OP-01
2026-06-05 02:20:00,5.380508476959702,81.87609697107074,344.37131235698223,Zone A,OP-03
2026-06-07 16:30:00,3.909510149970255,65.25858817161375,308.03933206835853,Zone C,OP-03
2026-06-02 19:00:00,3.9004025145769967,68.6492531604865,292.88904195233704,Zone C,OP-02
2026-06-06 21:40:00,4.008146031143994,75.77765160363374,323.16297696785256,Zone C,OP-02
2026-06-01 22:30:00,4.005571879622185,75.9517700372686,333.29427559746,Zone B,OP-02
2026-06-07 10:50:00,4.284681702924393,65.24204457720137,313.41920224653774,Zone B,OP-03
2026-06-06 00:00:00,5.301663430031178,78.95124951662397,328.9295745655541,Zone A,OP-02
2026-06-05 02:40:00,5.644371119734655,79.84064090852591,367.5417796058265,Zone B,OP-01
2026-06-06 13:10:00,4.103051875148482,64.21135055494805,283.7897873712576,Zone C,OP-03
2026-06-04 11:30:00,4.304307165109225,65.93817233506205,321.99448143747463,Zone B,OP-01
2026-06-04 17:40:00,3.7090725021363697,65.11929612859944,288.41128474857663,Zone B,OP-01
2026-06-05 13:20:00,4.019899635765188,65.57867162337571,283.6619400244855,Zone B,OP-01
2026-06-05 00:50:00,5.279776101084947,79.02827708326296,350.5127434279574,Zone C,OP-02
2026-06-03 09:10:00,4.432478761663347,,347.85446039482343,Zone C,OP-03
2026-06-05 16:50:00,3.944977171625469,66.7744382562285,276.60985663733135,Zone B,OP-01
2026-06-05 08:00:00,4.4933483781145735,72.33639246870878,346.9444300146076,Zone C,OP-01
2026-06-03 00:50:00,5.163312294959142,77.04092946077724,349.8375087989696,Zone A,OP-03
2026-06-03 12:40:00,4.133251753395866,65.05796781277178,291.24465622769065,Zone C,OP-02
2026-06-05 09:00:00,4.53513793191085,70.09355881287422,349.89401913824327,Zone B,OP-02
2026-06-01 02:20:00,5.509622720551129,80.48517706613583,371.55304702062915,Zone A,OP-02
2026-06-01 14:20:00,3.989460338799774,63.22040495767493,275.52492805397833,Zone A,OP-02
2026-06-03 13:40:00,4.069786088706735,64.40551665369344,268.1027774038315,Zone A,OP-01
2026-06-02 03:30:00,5.467071424434564,78.31026083732638,362.37972374835374,Zone B,OP-02
2026-06-07 03:30:00,5.567945896681328,,342.85247232579684,Zone A,OP-03
2026-06-03 07:50:00,4.366739718172758,71.97787115630706,349.2567387547379,Zone B,OP-02
2026-06-01 09:50:00,,69.17239149749591,307.15165804381246,Zone B,OP-01
2026-06-03 11:00:00,4.358669637599612,64.44635525258337,296.75879381107546,Zone B,OP-03
2026-06-03 22:40:00,4.031539450939904,75.92170303440444,327.5812918445738,Zone A,OP-01
2026-06-03 00:40:00,5.473547577705848,79.48273128011877,360.86690099639713,Zone C,OP-03
2026-06-01 06:50:00,4.536225328243569,75.27461127300225,328.35118101346507,Zone C,OP-01
2026-06-03 06:50:00,4.450471046740517,75.44510019965193,338.1046856632896,Zone C,OP-03
2026-06-05 06:20:00,99.5,76.44375303431833,353.7788536299685,Zone-C,OP-02
2026-06-03 23:30:00,4.197803639073948,74.65817743637251,366.3655072332026,Zone C,OP-02
2026-06-01 13:10:00,4.084061677206934,62.420535701844464,300.4763567736119,Zone C,OP-01
2026-06-01 04:40:00,4.5150506731874955,79.54162273554245,,Zone C,OP-02
2026-06-02 18:20:00,,69.31385188525525,291.944020321078,Zone A,OP-02
2026-06-06 05:10:00,4.4709051299840965,77.57508989772568,379.07136855874967,Zone B,OP-01
2026-06-04 04:20:00,4.501000334134573,77.1325871928049,348.96918325215023,Zone C,OP-02
2026-06-03 15:50:00,3.8442107482289307,66.56708164677585,287.1157097821386,Zone A,OP-01
2026-06-03 04:10:00,4.503076879769358,78.21496085209576,371.973515568245,Zone B,OP-01
2026-06-01 14:00:00,3.9533881987139856,64.96150664459937,288.84494299835075,Zone A,OP-02
2026-06-04 23:40:00,4.196481088487286,79.10938852801827,326.95170034502564,Zone B,OP-03
2026-06-01 22:40:00,4.12413808248155,76.90229057390869,316.086469142924,Zone A,OP-01
2026-06-01 18:30:00,3.9217771636923606,67.44173295701651,281.5286968919113,Zone B,OP-01
2026-06-02 08:20:00,4.355726847613851,72.11662457987065,346.938253123247,Zone A,OP-02
2026-06-02 05:40:00,4.4895601149275635,76.46428314150681,358.5923609076084,Zone C,OP-03
2026-06-07 04:10:00,4.334921110645947,79.3277978631717,360.4256066452662,Zone B,OP-01
2026-06-04 10:40:00,4.150011666179246,66.76283507291619,315.73154925803874,Zone B,OP-01
2026-06-01 21:30:00,3.944578690806151,74.7960537534184,305.7344666496171,Zone C,OP-02
2026-06-03 08:10:00,4.475597576657259,74.68351218942763,341.1590711328257,Zone A,OP-02
2026-06-05 05:20:00,,,350.9257014467678,Zone B,OP-02
2026-06-01 20:40:00,4.038034970941495,72.23552955208889,304.496852219298,Zone B,OP-01
2026-06-07 16:40:00,3.9112046337105166,65.96945302011537,279.6636333983777,Zone A,OP-01
2026-06-02 13:40:00,4.271956043335646,64.45450323951202,270.82971784409307,Zone B,OP-03
2026-06-02 20:40:00,3.9766938350612433,72.38830966461079,311.3723578257423,Zone A,OP-03
2026-06-07 19:30:00,3.8055077821517704,,324.22618087501445,Zone B,OP-03
2026-06-07 23:30:00,,78.31676851747665,354.0562477800332,Zone B,OP-01
2026-06-01 17:10:00,3.965825571381488,66.02222237387396,290.8986283444868,Zone C,OP-01
NaT,5.37615202711805,81.20502003044284,342.2032767801887,Zone A,OP-02
2026-06-06 22:40:00,4.134844855553169,77.42796171568739,314.59335684829233,Zone C,OP-02
2026-06-05 13:40:00,4.162516659477298,64.31362301135657,284.2462046730278,Zone C,OP-02
2026-06-02 13:50:00,4.209012364949077,63.07519535027857,297.8744429558943,Zone B,OP-03
2026-06-07 03:50:00,5.524517018959215,78.43027480837424,353.53825035359387,Zone C,OP-02
2026-06-03 02:10:00,5.341767098325304,79.58261257913932,360.1432704420761,Zone C,OP-02
2026-06-02 21:50:00,4.072704100508618,76.3963854464846,331.4862463207557,ZONE A,OP-03
2026-06-01 21:00:00,4.106093502403315,73.54839106444628,341.395955977472,Zone C,OP-02
2026-06-03 19:30:00,3.9036262789067715,72.23424637303913,292.08919236781895,Zone A,OP-01
2026-06-07 04:50:00,4.492477164410981,79.22953169825476,365.4432354222888,Zone A,OP-01
2026-06-01 06:00:00,4.490883838405159,75.3971243117424,368.9807409708926,Zone B,OP-01
2026-06-01 23:10:00,,77.20964964199312,338.5674221489466,Zone A,OP-02
2026-06-03 02:30:00,5.459455354286628,80.92800860281967,353.54813058338675,Zone C,OP-02
2026-06-02 20:30:00,3.992263235661919,72.78904377105547,307.5727258606423,Zone B,OP-01
2026-06-04 16:50:00,3.9480646890772504,66.98114581763087,286.9412591325899,Zone B,OP-01
2026-06-04 18:50:00,3.8959912818443194,68.9765455825518,291.0620374316176,Zone B,OP-01
2026-06-02 11:20:00,4.251828896491773,66.01816795324608,333.0927069197982,Zone C,OP-01
2026-06-04 06:00:00,4.588417789659447,78.70022810971716,353.5036605073149,Zone B,OP-01
2026-06-02 09:00:00,4.409894550858331,69.37453151744006,320.53488566365905,Zone A,OP-03
2026-06-04 15:50:00,3.953886964377523,63.66471925727492,289.4892080950236,Zone A,OP-03
2026-06-06 12:30:00,4.140806851916169,64.15701925385606,290.9335733290668,Zone A,OP-02
2026-06-02 16:10:00,3.924923736102324,63.22821331981747,282.978773267638,Zone A,OP-02
2026-06-03 09:00:00,4.414727994577505,69.87723497614384,345.2027641575676,Zone B,OP-02
2026-06-04 19:30:00,3.978658573305727,71.69626020674608,284.3571009550512,Zone A,OP-02
2026-06-03 16:20:00,,63.06456072696716,283.50326919199574,Zone B,OP-01
2026-06-06 23:40:00,4.180358497305379,79.55403582066235,327.42621425392946,Zone B,OP-03
2026-06-02 10:20:00,4.256895137302556,64.48343937048745,318.1307254395833,Zone B,OP-02
2026-06-03 01:10:00,5.4079824808820565,80.65079048725416,352.5479732008398,Zone A,OP-01
2026-06-07 17:30:00,3.9039539971502553,67.35763022020323,277.9676491938334,Zone C,OP-03
2026-06-01 12:10:00,4.225739088236114,64.89190509367917,304.8157041243636,Zone A,OP-01
2026-06-06 04:30:00,4.522037790013309,79.17290564629597,370.2800165485118,Zone B,OP-01
2026-06-01 17:20:00,3.829636506382622,65.21813820133659,,Zone A,OP-02
2026-06-06 23:20:00,4.0803868939115295,77.63203752575336,318.3267952365049,Zone C,OP-01
2026-06-06 16:40:00,3.8761259673178423,64.7607356929639,287.3453291533856,Zone B,OP-03
2026-06-07 17:20:00,3.9765817583838134,64.55376533231393,266.81320539165876,Zone-A,OP-03
2026-06-01 02:40:00,5.522495623977914,77.40498015587731,365.1783171659002,Zone A,OP-01
2026-06-04 01:10:00,5.429868760871089,81.57821589753918,350.4422127866055,Zone C,OP-03
2026-06-01 15:10:00,3.970140521384431,65.76373006433472,268.5584179116828,Zone C,OP-02
2026-06-01 14:40:00,4.044748567922471,65.96372366662358,279.33419752805594,Zone B,OP-03
2026-06-04 03:00:00,5.505736694887262,,,Zone C,OP-01
2026-06-01 17:00:00,3.881380798666981,67.89128424222535,283.75270573467793,Zone A,OP-03
2026-06-02 15:40:00,3.8674998266081038,64.13521201496215,292.6074806676834,Zone A,OP-01
2026-06-06 00:30:00,5.228723881596165,79.30452301555523,361.29984393822053,Zone A,OP-03
2026-06-02 17:00:00,3.8216682451512165,65.2698052455906,282.89070601304365,Zone C,OP-03
2026-06-05 23:10:00,4.046900506205274,80.11733591140826,316.68630490125724,Zone C,OP-01
2026-06-02 02:10:00,5.541526526771104,78.96694803485367,340.5659780657939,Zone A,OP-01
2026-06-04 07:50:00,4.670984959468325,70.9125436721934,368.1155233738037,Zone B,OP-03
2026-06-05 11:30:00,4.219470780214073,65.2853354418726,296.13108064747973,Zone C,OP-03
2026-06-06 21:20:00,3.9591550237969835,74.45504426899018,300.53958692080744,Zone B,OP-01
2026-06-06 17:40:00,3.9028707604544595,68.03132985055814,290.9212272788631,Zone B,OP-02
2026-06-01 03:00:00,5.582573443883828,77.19890690064744,359.75573470820837,Zone B,OP-02
2026-06-05 21:50:00,-9.9,75.72786904716156,320.69217685380227,Zone C,OP-01
2026-06-01 20:10:00,3.9621731964182323,69.49648764973536,311.0375786196327,Zone A,OP-03
2026-06-06 19:40:00,4.079880445877433,71.25526617906316,287.6125962645339,Zone C,OP-03
2026-06-05 21:40:00,3.9626779985676897,,295.97713695681824,Zone A,OP-01
2026-06-02 21:40:00,4.156725109652427,72.70584329250107,321.4066886873095,Zone B,OP-03
2026-06-04 00:10:00,5.172233916871907,79.42090097726955,351.1578069274669,Zone B,OP-01
2026-06-07 06:00:00,4.53094725125458,75.49287662596522,373.2400020364784,Zone C,OP-01
2026-06-03 03:50:00,5.59029346100032,80.64509348132529,377.5814656743115,Zone A,OP-01
2026-06-06 06:40:00,4.5935401690533535,73.74182613950074,357.07145250502356,Zone B,OP-02
2026-06-06 19:30:00,4.0413799585019605,68.42388519272596,298.9742927441938,Zone C,OP-03
2026-06-04 19:00:00,3.9284111845634473,68.09704313271405,307.6552872563975,Zone A,OP-02
2026-06-02 06:10:00,4.5171532218972645,75.80113640751493,354.23895039582123,Zone C,OP-02
2026-06-02 06:40:00,4.529318121936617,74.72087033802318,344.5653680708605,Zone B,OP-03
2026-06-03 19:40:00,3.920976650119924,72.70863944994487,315.4592242418474,Zone A,OP-01
2026-06-05 05:00:00,4.5527505560104675,76.9603720010432,377.0576574839419,Zone C,OP-01
2026-06-05 19:20:00,,69.12186954792237,298.11178109686216,Zone C,OP-03
2026-06-04 14:40:00,3.9244230875222583,61.528039963733974,272.04280296386145,Zone C,OP-03
2026-06-03 15:20:00,3.97567327673203,64.80561495168881,275.3553196114345,Zone A,OP-03
2026-06-03 20:20:00,3.838775094070617,73.62778236177823,328.1666970246807,Zone B,OP-02
2026-06-05 09:40:00,4.340419217617717,65.86579838155322,310.6432566520052,Zone B,OP-02
2026-06-03 13:30:00,4.14832914718267,64.31760031187608,281.083074012196,Zone A,OP-03
2026-06-06 15:20:00,3.983776349204001,61.9209037530953,260.55758904441115,Zone B,OP-03
2026-06-07 22:40:00,4.104958871207588,78.54510120538598,320.1502408970414,Zone C,OP-02
2026-06-06 05:50:00,4.590866010718372,75.12707858203359,362.23110262116467,Zone B,OP-02
2026-06-01 13:00:00,4.171422591629541,62.692976980861225,293.428462287918,Zone B,OP-02
2026-06-04 23:30:00,4.096262560555053,78.05267532355965,342.8429648689846,Zone B,OP-03
2026-06-05 10:10:00,4.242056952384371,67.89878889988012,308.17358663312973,Zone A,OP-02
2026-06-05 05:10:00,4.530343046882465,78.16533886426738,360.6535544496267,Zone A,OP-02
2026-06-06 12:40:00,4.217404672229542,64.62865806751357,288.9101817740539,Zone B,OP-01
2026-06-07 22:10:00,4.082790958590563,77.61860403576347,323.9516602299762,Zone C,OP-03
2026-06-06 18:50:00,3.879260569954789,69.52296776299626,302.56066979999537,Zone C,OP-02
2026-06-07 15:20:00,3.923675745241836,63.5855201388586,280.12121951574846,Zone B,OP-03
2026-06-03 21:20:00,4.098474661043457,74.73330113809182,300.6148413785348,Zone B,OP-01
2026-06-06 04:00:00,4.47243019720844,78.19962101703986,351.6649245681732,Zone C,OP-03
2026-06-04 21:30:00,4.049954035607344,72.98698544557693,303.2417810677441,Zone C,OP-03
2026-06-01 11:10:00,4.22709318146258,66.61903063980465,310.6651765697,Zone B,OP-02
2026-06-04 17:20:00,3.860325868402255,68.34889782065956,277.2036522086285,Zone C,OP-03
2026-06-01 12:50:00,,63.993083048237175,303.4046249728693,Zone C,OP-02
2026-06-01 17:30:00,3.885956461665285,66.57521538418337,283.29055360396865,Zone A,OP-01
2026-06-07 05:00:00,4.467627661390734,78.42803593548916,352.65601340079417,Zone A,OP-02
2026-06-06 10:20:00,4.461306559197828,65.50903650307885,322.9844681570243,Zone C,OP-03
2026-06-05 10:20:00,4.365586559454274,67.39739031528725,316.1041101165376,Zone B,OP-02
2026-06-04 21:10:00,3.931635451564918,74.42419658686966,315.9419894563644,Zone A,OP-03
2026-06-07 11:40:00,4.238803377840919,64.00430248825303,288.44996617317327,Zone A,OP-03
2026-06-05 19:00:00,3.937799010319889,67.71082322867589,296.6981665335107,Zone A,OP-01
2026-06-07 01:10:00,5.320311589344583,77.84234236062977,351.57016896234035,Zone B,OP-01
2026-06-07 13:00:00,4.149855780977052,64.35365619519524,293.44534688607934,Zone B,OP-02
2026-06-07 01:30:00,5.430244875892194,81.62795363795418,348.08806368649704,Zone A,OP-03
2026-06-06 02:30:00,5.502763959824758,78.37248872458483,352.35653887300913,Zone C,OP-02
2026-06-06 10:00:00,4.337039435008129,68.45505850888209,326.3160146727891,Zone A,OP-02
2026-06-04 09:40:00,4.453639913167163,69.66280958082729,341.8409495400089,Zone B,OP-02
2026-06-07 23:10:00,,,308.24674681684144,Zone C,OP-02
2026-06-06 21:00:00,4.250093176341445,74.55914228588466,300.75182932319063,Zone B,OP-03
2026-06-05 04:50:00,4.531671903875423,78.1046374178802,350.83195834009246,Zone B,OP-02
2026-06-03 12:30:00,4.071486032309109,65.70389311355123,294.8595860209223,Zone A,OP-03
2026-06-01 11:30:00,4.222964081963363,69.24565303605665,,Zone C,OP-01
2026-06-04 19:20:00,3.9771557840200886,69.55210933279817,307.89579468175225,Zone B,OP-02
2026-06-02 02:40:00,5.417215541986557,79.43389721245909,363.1268352491086,Zone C,OP-01
2026-06-01 01:50:00,5.500874755628601,80.71100907669363,322.0070838142034,Zone C,OP-01
2026-06-02 00:00:00,5.236836552853323,79.0857807489076,333.13721045476416,Zone C,OP-01
2026-06-04 14:10:00,3.9781132646100494,65.29607417276999,286.2878820871785,Zone B,OP-01
2026-06-03 23:10:00,4.278159499035135,77.64058105161467,340.7099467286059,Zone C,OP-02
2026-06-05 10:30:00,4.349048534288414,68.65809819361861,307.5858154015331,Zone B,OP-01
2026-06-02 05:20:00,4.622158307356401,77.36795366371022,345.81168165196163,Zone C,OP-02
2026-06-04 01:20:00,5.392822141680788,79.46838990903227,362.4761615097167,Zone C,OP-02
NaT,3.9213661656011007,64.89010708974106,262.4005559845389,Zone B,OP-01
2026-06-07 01:40:00,5.285633070953161,79.41453569024411,343.2794666604096,Zone B,OP-02
2026-06-07 13:40:00,4.0890465438534145,64.29328720182484,290.4931093847907,Zone A,OP-01
2026-06-05 18:40:00,3.869534460984877,68.574632976497,292.0489130090039,Zone C,OP-01
2026-06-02 14:30:00,3.967741945614475,65.8973577168562,274.320764373576,Zone C,OP-03
2026-06-02 11:00:00,4.348277969007294,65.1282840991291,312.0195824790109,Zone C,OP-02
2026-06-05 10:40:00,4.175197517902391,66.76357669621547,316.1093022608652,Zone A,OP-03
2026-06-01 23:50:00,4.210188424523978,79.72045930946284,328.9233961509034,Zone A,OP-01
2026-06-06 05:30:00,4.662453001876234,76.02891815139101,366.0542240570223,Zone B,OP-01
2026-06-04 14:30:00,4.142380822164632,63.840597102747864,295.60952243186006,Zone B,OP-02
2026-06-05 05:00:00,4.5527505560104675,76.9603720010432,377.0576574839419,Zone C,OP-01
2026-06-03 01:40:00,5.289747829129885,78.74527111776577,358.47248396288717,Zone A,OP-03
NaT,4.474224945750317,74.15220295994415,348.64074159136584,Zone A,OP-01
2026-06-03 23:20:00,4.042818708397508,77.4505360958456,343.32279695087726,Zone C,OP-01
2026-06-05 06:00:00,4.3859957713991715,76.8352903589794,344.78096775745985,Zone B,OP-02
2026-06-07 11:20:00,4.333348834676851,64.37728434266224,314.4026005804062,Zone C,OP-03
2026-06-07 12:50:00,4.194094818723494,66.78703154519454,293.83949673520516,Zone B,OP-02
2026-06-01 01:20:00,5.401359664569654,79.86736414856014,334.03400932143336,Zone A,OP-03
2026-06-02 02:00:00,5.462174682828613,78.81127029816096,350.70349781650384,Zone B,OP-03
2026-06-04 17:50:00,3.8371364179248033,66.57808198175302,,Zone C,OP-02
2026-06-04 12:20:00,4.360940834428302,62.81849749418658,294.5462573373917,Zone C,OP-02
2026-06-04 00:40:00,5.314954257105177,79.26425777048325,352.06056146477187,Zone B,OP-03
2026-06-02 20:20:00,3.9686882828117733,71.66425343480354,315.91812326217735,Zone A,OP-03
2026-06-04 04:50:00,4.421190370210196,75.92199845336677,361.62352156036496,Zone C,OP-02
2026-06-05 00:00:00,5.414381521197952,78.69429979869429,345.6849667144306,Zone B,OP-02
2026-06-03 08:20:00,4.535624215168437,71.95471512766498,323.0064100654914,Zone B,OP-02
2026-06-02 18:30:00,3.9652043547727596,68.13682724842309,274.8774167020129,Zone A,OP-03
2026-06-06 14:20:00,4.0088730479813,64.22669748821774,291.6703152322538,Zone C,OP-01
2026-06-06 22:10:00,4.073889919255351,74.92756884631139,329.14547011691565,Zone B,OP-02
2026-06-05 14:50:00,3.854582513999859,64.69914748531045,279.1299523706874,Zone C,OP-01
2026-06-04 21:20:00,4.007141870007176,75.43871738028561,303.29038917168134,Zone B,OP-02
2026-06-02 10:40:00,4.229808992049334,64.92265916433372,300.4334734665533,Zone A,OP-01
2026-06-02 23:50:00,4.194839598883456,79.60824493899825,332.8563370703824,Zone C,OP-01
2026-06-01 00:10:00,5.229900074302482,79.3686874779202,332.76783573637,Zone B,OP-01
2026-06-03 08:50:00,4.442513849293607,70.39160266689353,336.2522386635958,ZONE A,OP-03
2026-06-02 20:50:00,3.9812008742917606,75.39697163783177,311.8731369646722,Zone A,OP-03
2026-06-02 20:10:00,4.029867321946828,72.51100699534814,301.2617956014861,Zone B,OP-02
2026-06-07 05:20:00,4.443160300039713,77.93636449355492,357.3616319648444,Zone B,OP-01
2026-06-07 21:00:00,4.066804516005266,73.40031209518477,286.7105390150459,Zone A,OP-01
2026-06-01 15:50:00,3.830552201155605,65.37499785526036,286.0357617089816,Zone C,OP-01
2026-06-07 18:20:00,3.822533876048185,68.62014254920217,295.355159103996,Zone B,OP-01
2026-06-01 07:00:00,4.436395187454052,72.9288458870883,341.66088339317497,Zone C,OP-03
2026-06-06 14:10:00,4.118082928685543,63.99538228762268,287.9004724296459,Zone C,OP-01
2026-06-07 23:50:00,4.17001268296819,78.92292521905873,330.03067037172104,Zone A,OP-03
2026-06-06 19:20:00,3.8958921573686074,68.95208769164292,311.09902077359055,Zone C,OP-01
2026-06-05 08:40:00,4.341234714094218,68.65027894682748,350.90963871583614,Zone C,OP-01
2026-06-01 07:30:00,4.494434568575475,76.33605934688622,365.7000267942719,Zone A,OP-03
2026-06-02 02:50:00,5.446197032845099,79.43737661151668,364.03621710645416,Zone B,OP-01
2026-06-06 01:10:00,5.460563742848286,,328.3873014844444,Zone B,OP-02
2026-06-05 08:50:00,4.222555448847033,71.5931623788192,330.0116323174365,Zone A,OP-01
2026-06-03 00:00:00,5.280369913218749,76.89443867288435,344.0458684569859,Zone C,OP-01
2026-06-05 02:10:00,5.596483321621067,80.28439258647846,344.7459614455077,Zone C,OP-02
2026-06-07 05:30:00,4.4297449555845425,75.52970043029727,329.89674211137304,Zone B,OP-03
2026-06-07 15:40:00,3.9471717809306197,65.01649204021741,281.5256513967936,Zone A,OP-01
2026-06-04 23:50:00,4.077998971235149,77.80600108823688,364.4205264000583,Zone A,OP-03
2026-06-03 04:30:00,87.3,76.63114836180718,341.0776895255851,Zone A,OP-03
2026-06-07 05:00:00,4.467627661390734,78.42803593548916,352.65601340079417,Zone A,OP-02
2026-06-02 14:20:00,3.908411222665384,64.7518406908479,,Zone C,OP-02
2026-06-06 14:50:00,4.007074195388905,65.28834802873266,280.3208431725114,Zone B,OP-01
2026-06-05 20:20:00,,72.0179162318398,301.63972407904197,Zone A,OP-01
2026-06-06 18:10:00,3.687122064335411,67.9157776956093,273.98856143562034,Zone C,OP-02
2026-06-05 22:30:00,4.149919934543723,75.15935873833814,323.47218602684336,Zone A,OP-03
2026-06-01 12:40:00,4.112752705756306,64.74226929283078,296.4984419271013,Zone B,OP-02
2026-06-05 09:30:00,4.221085523099971,69.68889832822803,353.78127819133925,Zone A,OP-02
2026-06-07 19:20:00,3.959771603124728,69.60599366715708,280.3504452688066,Zone A,OP-03
2026-06-02 17:10:00,4.053386134575854,65.62948744085102,279.3596204186603,Zone A,OP-03
2026-06-06 16:30:00,3.8277830691843073,67.46715879876187,279.1166716935543,Zone B,OP-01
2026-06-07 19:40:00,3.952105386954301,71.7345926925187,307.5153529248946,Zone C,OP-02
2026-06-04 07:20:00,4.564839846274779,74.5311522980258,354.9939764608751,Zone A,OP-02
2026-06-05 15:40:00,4.012150703995491,63.818099368076176,259.056141316629,Zone C,OP-02
2026-06-01 14:10:00,4.076837137140726,64.21643678801271,264.3205902634771,Zone B,OP-01
2026-06-04 06:10:00,4.422419384164264,74.13477956339312,352.43404068759105,Zone A,OP-02
2026-06-02 13:30:00,4.100756600544854,64.21690337816938,278.93421842035497,Zone A,OP-03
2026-06-06 09:00:00,4.405863987031665,,347.72334391925773,Zone B,OP-01
2026-06-03 07:10:00,4.53579457300137,73.73058315025682,338.99419616582986,Zone A,OP-02
2026-06-02 14:50:00,4.091568557087538,62.92922978035626,296.00527591370627,Zone B,OP-03
2026-06-05 02:00:00,5.475405848395011,80.38313269311637,368.8259942746123,Zone B,OP-03
2026-06-04 07:10:00,4.457057227445536,74.33469083889138,338.69125829978844,Zone B,OP-03
2026-06-07 09:30:00,4.3036270534781345,69.87141257761895,341.6331632492776,Zone C,OP-03
2026-06-07 01:50:00,5.291824256785844,80.11053865201697,359.0992485821059,Zone C,OP-02
2026-06-05 03:50:00,5.415118405079299,79.40726650500466,351.81817661773084,Zone A,OP-01
2026-06-03 22:10:00,3.9993605645625547,76.99585341966107,324.8476526578103,Zone A,OP-01
2026-06-05 18:30:00,4.023733732470381,69.30243352456118,302.6503943472346,ZONE C,OP-01
2026-06-02 06:20:00,4.4657687459329845,77.5014218318382,350.5407302879163,Zone A,OP-02
2026-06-05 06:50:00,4.5103799822143635,75.91972180004296,349.47008268408587,Zone C,OP-03
2026-06-03 07:20:00,4.424488191131305,72.68944020107296,364.01707027758636,Zone A,OP-01
2026-06-04 01:00:00,5.3307882869806456,82.45684458487948,343.2268810010073,Zone A,OP-02
2026-06-01 08:10:00,87.3,72.50493552743819,337.153137877896,Zone A,OP-02
2026-06-07 03:00:00,5.431193822408731,80.97510468349844,348.43063818628053,Zone C,OP-03
2026-06-01 00:50:00,5.260820976352625,77.5222246820896,336.846883538357,Zone A,OP-01
2026-06-04 16:10:00,4.055969176385328,63.12570149975856,274.191535927704,Zone B,OP-01
2026-06-02 15:00:00,3.927401349845833,66.22148864838627,269.06682249732694,Zone C,OP-03
2026-06-04 09:00:00,4.3452595902037014,69.70778256685503,342.55490337887926,Zone A,OP-01
2026-06-07 07:30:00,4.386328640457711,74.33654534566364,354.6290841267898,Zone B,OP-03
2026-06-04 10:50:00,,67.34686815511475,321.08159597456563,Zone C,OP-01
2026-06-07 06:30:00,4.6227361677885295,75.73280228879534,362.29803431571816,Zone A,OP-02
2026-06-01 17:40:00,3.8250228877051526,67.25887737490206,273.7234553929609,Zone B,OP-03
2026-06-04 01:50:00,5.5492595767931645,80.59136002236858,330.64151889316184,Zone A,OP-02
2026-06-04 09:20:00,99.5,,341.6552681643836,Zone C,OP-03
2026-06-05 11:40:00,4.266992729725599,65.2523819904907,298.76760612624076,Zone A,OP-01
2026-06-01 02:00:00,5.455417524849032,80.39913682527279,356.6351820746882,Zone C,OP-01
2026-06-06 03:00:00,5.38921611760421,79.06562868599659,371.670534257822,Zone A,OP-02
2026-06-06 01:00:00,5.409328444048622,79.07404730655482,338.5274012254414,Zone A,OP-03
2026-06-02 07:40:00,4.608732606652387,74.78907342385673,,Zone A,OP-01
2026-06-07 14:40:00,4.036052971532631,64.31060002280168,306.55348096745826,Zone C,OP-02
2026-06-06 18:40:00,3.8164048002379825,68.47542721334176,299.1151330649008,Zone A,OP-03
2026-06-02 23:00:00,4.200095878556454,77.65921388093956,323.82361475168796,Zone-C,OP-01
2026-06-01 04:50:00,4.520693896714293,77.47088075625899,347.30348601339324,Zone A,OP-03
2026-06-02 04:10:00,,79.09147309913646,360.19304814183073,Zone A,OP-01
2026-06-02 06:00:00,4.604471014819662,77.00534231352414,352.7889830568284,Zone A,OP-01
2026-06-01 16:40:00,3.887397266029861,67.2211967380285,,Zone A,OP-03
2026-06-02 08:50:00,4.387876703904301,69.76260780417401,353.9413218130802,Zone B,OP-02
2026-06-04 10:30:00,4.383678152907139,67.69127881080597,335.3454586734084,Zone B,OP-01
2026-06-06 00:10:00,5.412682758251339,79.08126988784392,338.9273576893681,Zone C,OP-01
2026-06-05 11:50:00,4.0662257133452275,63.45586027376297,284.2270724918082,Zone C,OP-01
2026-06-07 20:10:00,4.004648987147474,73.47105002463645,310.46269204175724,Zone A,OP-01
2026-06-07 12:30:00,4.2180537641586335,63.53812924823404,282.8934394355146,Zone C,OP-02
2026-06-05 22:20:00,4.080546013693632,77.20785513949437,312.91397581559306,Zone B,OP-01
2026-06-03 14:10:00,4.102087669637813,60.56016885937358,284.1179597372956,Zone A,OP-01
2026-06-05 17:00:00,3.9390828171711423,,298.21307604499674,Zone C,OP-02
2026-06-07 04:20:00,4.409935347079696,78.0526248599512,373.50222781218247,Zone B,OP-02
2026-06-05 12:00:00,4.204729026160981,65.61570651525352,294.7743117525547,Zone B,OP-01
2026-06-06 12:50:00,4.209732133492892,62.096240390959274,286.249972361874,Zone C,OP-01
2026-06-06 21:10:00,4.073677963022436,73.4951047404465,348.56916284982935,Zone B,OP-03
2026-06-04 04:40:00,4.509009431546823,76.55370553215822,335.03808118098226,Zone A,OP-02
2026-06-03 20:50:00,4.042433690555922,73.25065406359782,329.61904582789117,Zone C,OP-02
2026-06-01 21:50:00,3.9301139972562047,75.40080629512356,328.77815543661325,Zone A,OP-01
2026-06-01 06:30:00,4.549414285217157,76.04564415271898,359.25726461077176,Zone A,OP-02
2026-06-04 00:20:00,5.406025615851405,77.48273742274938,336.36468147094075,Zone B,OP-01
2026-06-02 11:50:00,4.2905137948396375,66.35957085653575,289.1079476305524,Zone C,OP-02
2026-06-04 20:30:00,3.9418876025524554,71.4841364734758,312.3885033492677,Zone B,OP-01
2026-06-04 22:20:00,4.06714820262441,74.69454586702766,322.4796059671739,Zone A,OP-01
2026-06-06 07:00:00,4.546257756870405,73.63825497174123,353.6025829895974,Zone A,OP-01
2026-06-04 07:00:00,4.537655716332233,74.4132997783302,358.15449249885086,zone a,OP-03
2026-06-04 04:00:00,4.548819695256003,80.22160180205451,363.93266267690586,ZONE C,OP-02
2026-06-06 15:10:00,3.9256011002549815,64.0288206691284,303.9447914225229,Zone A,OP-02
2026-06-02 19:20:00,3.9002121162368346,71.10898388608554,278.57549529135616,Zone B,OP-01
NaT,3.902892875070645,63.96935126259095,291.6487409570252,Zone A,OP-01
2026-06-01 05:50:00,4.590051750484476,76.72433242250348,341.1831501633963,Zone B,OP-01
2026-06-06 17:50:00,3.890600256082875,67.73076537186226,293.5299584494846,Zone C,OP-02
2026-06-03 03:30:00,5.679014726987509,79.9415500765505,365.80285623817633,Zone B,OP-02
2026-06-02 22:00:00,3.9920731299883045,75.82598997616937,333.9668315048473,Zone A,OP-03
2026-06-05 10:00:00,4.327590310629342,66.34630364054794,335.2807198012904,Zone B,OP-03
2026-06-05 13:00:00,4.161155637753191,64.1898209775553,299.8747586773056,Zone B,OP-01
2026-06-05 07:40:00,4.4898900624054265,71.39459549514801,350.8045901728298,Zone C,OP-03
2026-06-06 19:10:00,3.8457876693498743,68.38569476215295,310.5205973746346,Zone C,OP-01
2026-06-06 20:40:00,3.987875490592949,72.94617788333612,289.1842340305177,Zone C,OP-02
2026-06-03 17:30:00,3.9386937528610964,66.55189527053996,276.51646757212694,Zone B,OP-03
2026-06-07 14:00:00,4.070088332743551,65.08982526780379,285.3546537169905,Zone C,OP-03
2026-06-01 17:50:00,3.8731054390989756,67.51320253221947,284.98778567111333,Zone A,OP-01
2026-06-07 15:10:00,99.5,64.07304267934956,280.1607637308164,Zone A,OP-01
2026-06-04 15:20:00,,65.59548027496623,286.37680838733894,Zone-C,OP-01
2026-06-06 10:40:00,4.293887728443238,67.26781655471427,309.530513009822,Zone B,OP-03
2026-06-01 07:50:00,4.483708236046233,74.47583860149629,346.7706003180365,Zone A,OP-03
2026-06-02 09:50:00,4.410473244338367,67.99427547405439,,Zone A,OP-02
2026-06-07 11:50:00,4.248099675676535,62.66531029270361,309.99092799290554,Zone C,OP-03
2026-06-05 09:10:00,4.600500892144864,69.50177850060328,322.3477413371055,Zone B,OP-02
2026-06-01 03:30:00,5.483697718767659,80.77941604699156,371.4877965217768,Zone B,OP-01
2026-06-03 19:00:00,3.9772609030223345,69.19766731047746,298.9362938154413,Zone C,OP-01
2026-06-01 13:50:00,4.029980273067389,64.04062681520395,305.2228673919263,Zone C,OP-03
2026-06-01 21:40:00,3.998129265372613,74.97019403624101,304.4863116371572,Zone C,OP-02
2026-06-03 21:10:00,,75.86316747451778,323.45417736885014,Zone C,OP-03
2026-06-07 21:50:00,4.078082543997972,,314.7964198435311,Zone A,OP-03
2026-06-06 20:10:00,,73.05661560693537,303.501176892655,Zone A,OP-01
2026-06-06 03:30:00,5.638764070862661,80.50781778028613,363.67928300849195,Zone A,OP-01
2026-06-05 20:10:00,3.8748742187259793,74.49655684204232,288.0822222335184,Zone B,OP-01
2026-06-02 23:40:00,4.198656126685127,78.69874070402474,303.3453128815569,Zone B,OP-01
2026-06-01 20:30:00,4.071705712419865,72.3956250840984,319.12949147594344,Zone C,OP-03
2026-06-01 05:30:00,,78.32404266887161,343.80993494730427,Zone B,OP-01
2026-06-07 20:30:00,3.9965028541576473,73.47946843740638,286.82978890158483,Zone C,OP-01
2026-06-04 14:00:00,4.097695214593074,63.493112586959406,288.320004321648,Zone A,OP-02
2026-06-07 09:50:00,4.305228692103152,67.87291640966703,312.08070941918004,Zone B,OP-01
2026-06-01 03:10:00,,79.77632497638626,367.6865867038791,Zone A,OP-02
2026-06-07 12:00:00,4.095767132438704,64.6429005514005,295.8806353441946,Zone A,OP-03
2026-06-02 12:30:00,4.102346117444316,64.0376564539413,283.5723763924437,Zone A,OP-03
2026-06-07 04:30:00,4.436770190669037,77.09754582926249,359.8154201503554,Zone C,OP-01
2026-06-04 22:30:00,4.039805019471124,75.21036418991169,329.3371880311335,Zone A,OP-03
2026-06-04 08:10:00,4.56426041714957,72.07627705231724,312.2571748224084,Zone C,OP-02
2026-06-07 11:10:00,4.2889330078146255,65.17703938972399,312.40443092573906,Zone C,OP-01
2026-06-03 11:20:00,4.266283176303057,65.58246775480718,305.24952888505067,Zone B,OP-01
2026-06-05 14:10:00,4.030225498380239,63.164098720262366,290.5308015725786,Zone C,OP-02
2026-06-02 13:20:00,4.101901845946602,62.75819105680179,304.47088313073846,Zone C,OP-02
2026-06-06 06:30:00,4.5313887051252575,76.17746950904267,383.1234744256772,Zone C,OP-01
2026-06-01 15:20:00,3.9355559166589167,65.72739951509895,,Zone A,OP-01
2026-06-02 01:10:00,5.309229494349202,78.0323184570601,328.5151996008414,Zone C,OP-01
2026-06-07 21:40:00,4.0298888866122144,75.87180209367008,345.60752823855586,Zone A,OP-02
2026-06-03 04:50:00,4.431533261725673,79.23669526700505,358.7320895100727,Zone C,OP-01
2026-06-04 02:40:00,5.586428158942799,82.67352244415584,349.0970348800702,Zone C,OP-02
2026-06-06 13:50:00,4.082644751362111,61.64395658629631,296.1439469367523,Zone B,OP-03
2026-06-06 04:10:00,4.544902580391394,78.13173020541028,340.54176197874267,Zone C,OP-01
2026-06-04 15:00:00,4.08998733213374,64.8904721082431,288.7464184628801,Zone B,OP-03
2026-06-02 22:30:00,4.1095738629412715,76.61642802160637,335.8971703354631,Zone C,OP-01
2026-06-05 01:10:00,5.3116391990472565,78.07854545827993,361.9954604499082,Zone B,OP-02
2026-06-06 07:20:00,4.5056205883210145,71.94566939492363,363.4731690615557,Zone A,OP-01
2026-06-05 04:40:00,4.43356704897584,78.18402204625548,351.15963912802715,zone a,OP-01
2026-06-07 21:30:00,,74.23156010530708,324.4259287501246,Zone A,OP-02
2026-06-03 10:10:00,4.45256077131351,,336.355216176806,Zone B,OP-02
2026-06-07 10:30:00,4.3366860133529554,69.0997262132544,310.60180905694676,Zone C,OP-01
2026-06-03 14:20:00,4.068296753756344,63.631737580020335,260.3435141859644,Zone A,OP-03
2026-06-03 18:40:00,3.8911359891259147,69.03002303405735,280.25790072641365,Zone C,OP-01
2026-06-05 21:20:00,4.09819651757885,75.37948214679359,,Zone C,OP-03
2026-06-02 18:50:00,3.8777599248125516,69.18223691823654,301.07513030747305,Zone C,OP-03
2026-06-07 13:20:00,4.109100727423021,,273.6888277382655,Zone A,OP-03
2026-06-06 21:50:00,4.009067264257122,73.9441803936102,337.13761852844647,zone a,OP-02
2026-06-01 12:00:00,4.125507892326185,65.54728299571684,293.16142446368815,Zone C,OP-01
NaT,4.364876274477124,71.14095507697056,347.6204337808047,Zone-A,OP-01
2026-06-04 08:30:00,4.480594215704665,71.13726013630307,350.1884701881835,Zone A,OP-02
2026-06-06 22:30:00,4.096658327118903,78.03433699901363,317.6237511580371,Zone B,OP-02
2026-06-01 22:50:00,,77.98494742902825,315.05964647432575,Zone C,OP-02
2026-06-04 10:20:00,4.2962431843426785,69.172096351527,309.3836667166743,Zone C,OP-02
2026-06-06 08:40:00,4.443652537851712,71.69028015274796,326.3894547154998,Zone C,OP-01
2026-06-04 19:40:00,3.9620091009759957,72.08768947317357,299.48070546389727,Zone C,OP-01
2026-06-04 05:00:00,4.364108528980559,77.93987686966558,367.81964276203075,Zone C,OP-03
2026-06-02 09:30:00,4.493147208401302,69.58221081766081,324.6340475125946,Zone A,OP-01
2026-06-03 04:00:00,4.601326420733885,78.1463528267973,362.03165440804315,Zone C,OP-01
2026-06-03 00:20:00,5.309741727876723,77.74009209597381,365.8047311843902,Zone C,OP-01
2026-06-07 16:00:00,4.06352935973563,64.53295224780567,270.59537624177335,Zone B,OP-02
2026-06-02 07:30:00,4.608288631650523,72.24089279465596,341.3043787770547,Zone A,OP-02
2026-06-06 07:10:00,4.533929315815356,73.92817515927709,334.6129323777551,Zone C,OP-02
2026-06-01 18:40:00,3.8572819674847,69.4884401350218,293.94911908137544,Zone C,OP-03
2026-06-07 14:10:00,3.736672177837155,62.56240517906436,265.0020194570413,Zone A,OP-02
2026-06-02 06:30:00,4.585616710590514,,342.3510943380448,Zone A,OP-01
2026-06-02 01:20:00,5.270485855053972,78.39108022407137,341.339425398128,Zone B,OP-03
2026-06-06 17:20:00,3.753938773954876,65.44680975595134,280.5661634241342,Zone B,OP-02
2026-06-03 06:10:00,4.557962452898891,76.25102443264768,351.65779661642847,Zone A,OP-01
2026-06-05 21:10:00,3.9995970012457622,,298.5781824968597,Zone A,OP-03
2026-06-01 07:20:00,4.49104651862546,73.87603988590513,329.0060376330263,Zone C,OP-01
2026-06-04 02:00:00,5.427547346615812,79.87060440512026,339.4405245220113,Zone C,OP-02
2026-06-06 11:10:00,4.238675253402364,65.78223251369803,295.7888879515899,Zone B,OP-01
2026-06-01 01:00:00,5.387948279442293,78.36769244122925,349.1756657220122,Zone C,OP-02
2026-06-02 17:40:00,3.871415979949364,,290.83625856911414,Zone A,OP-03
2026-06-06 17:10:00,3.735650037222669,66.59648372300252,282.90396951014884,Zone C,OP-03
NaT,4.215114596492345,64.8249014065315,303.85314661290835,Zone C,OP-03
2026-06-04 13:20:00,4.099123814971332,62.63712921466087,302.382828401682,Zone A,OP-01
2026-06-07 12:40:00,4.1528474537478575,63.454852759725334,300.14203783913774,Zone A,OP-02
2026-06-03 17:10:00,3.9104014945029664,64.72754193629878,277.51704797830007,Zone B,OP-02
2026-06-07 05:10:00,99.5,77.29814524453394,380.61676991273396,Zone A,OP-02
2026-06-04 00:00:00,5.29512829788921,78.01394194187029,349.05829616516775,Zone C,OP-01
2026-06-01 11:20:00,4.319861797415312,67.68793776609807,319.36721734350704,Zone A,OP-01
2026-06-07 22:20:00,4.0955480286602475,76.44962888066499,336.11526427106844,Zone B,OP-02
2026-06-02 03:50:00,5.584973262363846,77.31775234993637,347.8995224581117,zone a,OP-01
2026-06-07 06:40:00,4.443399078472301,75.4586484395202,341.5737786185192,Zone A,OP-02
2026-06-06 01:40:00,5.47114590582291,78.97403390271724,365.5019300538279,Zone B,OP-02
2026-06-04 20:20:00,3.9514878281428745,71.53234871386279,330.38589131349863,Zone B,OP-01
2026-06-03 13:00:00,4.05828167127027,64.31210884536613,273.54111619293366,Zone B,OP-02
2026-06-03 09:30:00,4.213991184100645,69.60158718882869,313.5876030096646,Zone A,OP-03
2026-06-05 01:20:00,5.466857736124857,79.63755795773845,344.16020068954975,Zone A,OP-03
2026-06-04 17:10:00,3.9566824789888337,66.32924886102019,280.54750624220634,Zone A,OP-02
2026-06-03 18:20:00,3.9440420922281083,68.71052346498827,300.40844829923043,Zone B,OP-01
2026-06-02 06:50:00,4.615219380776513,75.60281436471088,347.78628750365675,Zone A,OP-02
2026-06-03 10:00:00,4.219537953544095,67.77309541388749,350.72365052166305,Zone A,OP-02
2026-06-05 06:30:00,4.393673736044706,76.62330147616316,339.8248572615139,Zone C,OP-02
2026-06-07 09:10:00,4.243247290552077,68.43003660084051,295.14859943769096,Zone B,OP-03
2026-06-02 11:10:00,4.156140021223285,67.90162514844619,315.47587275253545,Zone C,OP-01
2026-06-05 00:30:00,5.375683117399455,80.45286672948417,334.525265894487,Zone B,OP-01
2026-06-04 11:40:00,4.162081976781924,65.64714981160904,309.82514285523945,Zone C,OP-03
2026-06-04 17:30:00,3.993561017789282,66.69545110189317,258.0194204375755,Zone A,OP-02
2026-06-02 08:40:00,4.47963351467393,,349.74726485125785,Zone C,OP-01
2026-06-02 05:10:00,4.507179771988451,78.39350653971182,347.1635398534013,Zone A,OP-02
